territory_id,МО,регион,месяцев_с_данными,назначено_по_месяцам,тип,название_типа,уверенность,ожидаемая_точность
100,Окинский муниципальный район,Республика Бурятия,11,9,0,Малые сельские МО,0.667,0.942
101,Прибайкальский муниципальный район,Республика Бурятия,12,10,0,Малые сельские МО,1.0,0.943
102,Северо-Байкальский муниципальный район,Республика Бурятия,12,10,1,Индустриальные и средние города,0.7,0.943
1022,Камышинский муниципальный район,Волгоградская область,4,2,1,Индустриальные и средние города,1.0,0.93
103,Селенгинский муниципальный район,Республика Бурятия,12,10,1,Индустриальные и средние города,0.6,0.943
104,Тарбагатайский муниципальный район,Республика Бурятия,12,10,3,Ресурсный Север и Дальний Восток,1.0,0.943
1043,Фроловский муниципальный район,Волгоградская область,12,12,0,Малые сельские МО,1.0,0.943
105,Тункинский муниципальный район,Республика Бурятия,12,10,0,Малые сельские МО,1.0,0.943
106,Хоринский муниципальный район,Республика Бурятия,12,10,0,Малые сельские МО,1.0,0.943
107,городской округ город Махачкала,Республика Дагестан,12,12,2,Столичные агломерации,0.583,0.943
108,городской округ город Буйнакск,Республика Дагестан,12,12,1,Индустриальные и средние города,1.0,0.943
109,городской округ город Дагестанские Огни,Республика Дагестан,8,8,0,Малые сельские МО,1.0,0.943
111,городской округ город Избербаш,Республика Дагестан,12,12,0,Малые сельские МО,1.0,0.943
113,городской округ город Кизилюрт,Республика Дагестан,12,12,0,Малые сельские МО,0.75,0.943
114,городской округ город Кизляр,Республика Дагестан,12,12,1,Индустриальные и средние города,0.917,0.943
116,городской округ город Южно-Сухокумск,Республика Дагестан,6,6,0,Малые сельские МО,1.0,0.95
1162,Тулунский муниципальный район,Иркутская область,3,1,0,Малые сельские МО,1.0,0.94
1177,городской округ Ладушкинский,Калининградская область,3,1,0,Малые сельские МО,1.0,0.94
1182,городской округ Янтарный,Калининградская область,23,21,1,Индустриальные и средние города,0.857,0.95
1183,муниципальный округ Багратионовский,Калининградская область,20,18,1,Индустриальные и средние города,1.0,0.95
121,Бабаюртовский муниципальный район,Республика Дагестан,1,1,0,Малые сельские МО,1.0,0.94
1216,Перемышльский муниципальный район,Калужская область,23,21,0,Малые сельские МО,1.0,0.95
1245,Ленинск-Кузнецкий муниципальный округ,Кемеровская область,18,16,0,Малые сельские МО,0.562,0.95
1247,Новокузнецкий муниципальный округ,Кемеровская область,19,17,1,Индустриальные и средние города,1.0,0.95
1332,Шарьинский муниципальный район,Костромская область,23,22,0,Малые сельские МО,1.0,0.95
1342,Кетовский муниципальный округ,Курганская область,23,21,0,Малые сельские МО,0.667,0.95
1354,Шадринский муниципальный округ,Курганская область,13,13,0,Малые сельские МО,1.0,0.944
140,Кумторкалинский муниципальный район,Республика Дагестан,6,6,0,Малые сельские МО,1.0,0.95
142,Новолакский муниципальный район,Республика Дагестан,2,2,0,Малые сельские МО,1.0,0.94
1424,Липецкий муниципальный район,Липецкая область,10,8,1,Индустриальные и средние города,1.0,0.941
143,Ногайский муниципальный район,Республика Дагестан,5,5,0,Малые сельские МО,1.0,0.94
1432,муниципальный округ Омсукчанский,Магаданская область,16,14,3,Ресурсный Север и Дальний Восток,1.0,0.948
1433,муниципальный округ Северо-Эвенский,Магаданская область,9,7,3,Ресурсный Север и Дальний Восток,1.0,0.94
1434,муниципальный округ Среднеканский,Магаданская область,22,20,1,Индустриальные и средние города,0.5,0.95
1435,муниципальный округ Сусуманский,Магаданская область,23,21,3,Ресурсный Север и Дальний Восток,1.0,0.95
1436,муниципальный округ Тенькинский,Магаданская область,19,17,3,Ресурсный Север и Дальний Восток,0.824,0.95
1437,муниципальный округ Хасынский,Магаданская область,22,20,3,Ресурсный Север и Дальний Восток,1.0,0.95
145,Сергокалинский муниципальный район,Республика Дагестан,2,2,0,Малые сельские МО,1.0,0.94
1471,городской округ Павловский Посад,Московская область,12,10,1,Индустриальные и средние города,0.5,0.943
1487,городской округ Электрогорск,Московская область,12,10,1,Индустриальные и средние города,1.0,0.943
1576,Батецкий муниципальный район,Новгородская область,9,7,0,Малые сельские МО,1.0,0.94
158,городской округ город Магас,Республика Ингушетия,12,10,0,Малые сельские МО,1.0,0.943
160,городской округ город Назрань,Республика Ингушетия,12,10,1,Индустриальные и средние города,0.8,0.943
1684,Бузулукский муниципальный район,Оренбургская область,8,6,0,Малые сельские МО,0.5,0.943
1695,Оренбургский муниципальный район,Оренбургская область,10,8,1,Индустриальные и средние города,1.0,0.941
1713,Дмитровский муниципальный район,Орловская область,19,17,0,Малые сельские МО,1.0,0.95
1716,Знаменский муниципальный район,Орловская область,3,1,0,Малые сельские МО,1.0,0.94
172,Лескенский муниципальный район,Кабардино-Балкарская Республика,1,1,0,Малые сельские МО,1.0,0.94
1720,Корсаковский муниципальный район,Орловская область,6,4,0,Малые сельские МО,1.0,0.95
1721,Ливенский муниципальный район,Орловская область,12,12,0,Малые сельские МО,0.833,0.943
1723,Мценский муниципальный район,Орловская область,10,8,0,Малые сельские МО,1.0,0.941
1729,Сосковский муниципальный район,Орловская область,3,1,0,Малые сельские МО,1.0,0.94
174,Прохладненский муниципальный район,Кабардино-Балкарская Республика,18,18,0,Малые сельские МО,0.944,0.95
176,Терский муниципальный район,Кабардино-Балкарская Республика,21,19,0,Малые сельские МО,1.0,0.95
1763,Шемышейский муниципальный район,Пензенская область,20,18,0,Малые сельские МО,1.0,0.95
1767,Великолукский муниципальный район,Псковская область,18,17,0,Малые сельские МО,0.529,0.95
177,Урванский муниципальный район,Кабардино-Балкарская Республика,12,12,0,Малые сельские МО,1.0,0.943
1772,Куньинский муниципальный район,Псковская область,3,1,0,Малые сельские МО,1.0,0.94
1779,Палкинский муниципальный район,Псковская область,7,5,0,Малые сельские МО,1.0,0.947
178,Чегемский муниципальный район,Кабардино-Балкарская Республика,5,5,0,Малые сельские МО,1.0,0.94
1789,Усвятский муниципальный район,Псковская область,22,20,0,Малые сельские МО,1.0,0.95
179,Эльбрусский муниципальный район,Кабардино-Балкарская Республика,21,19,0,Малые сельские МО,1.0,0.95
183,Кетченеровский муниципальный район,Республика Калмыкия,7,5,0,Малые сельские МО,1.0,0.947
1847,городской округ город Сасово,Рязанская область,12,10,0,Малые сельские МО,1.0,0.943
186,Октябрьский муниципальный район,Республика Калмыкия,21,19,0,Малые сельские МО,1.0,0.95
187,Приютненский муниципальный район,Республика Калмыкия,3,1,0,Малые сельские МО,1.0,0.94
1882,городской округ Тольятти,Самарская область,12,10,2,Столичные агломерации,0.6,0.943
189,Целинный муниципальный район,Республика Калмыкия,12,10,0,Малые сельские МО,0.9,0.943
190,Черноземельский муниципальный район,Республика Калмыкия,18,16,0,Малые сельские МО,1.0,0.95
1913,городской округ поселок Михайловский,Саратовская область,3,1,0,Малые сельские МО,1.0,0.94
192,Яшалтинский муниципальный район,Республика Калмыкия,22,20,0,Малые сельские МО,1.0,0.95
193,Яшкульский муниципальный район,Республика Калмыкия,22,20,0,Малые сельские МО,1.0,0.95
1964,городской округ Северо-Курильский,Сахалинская область,17,15,3,Ресурсный Север и Дальний Восток,1.0,0.949
197,Адыге-Хабльский муниципальный район,Карачаево-Черкесская Республика,21,19,0,Малые сельские МО,1.0,0.95
200,Малокарачаевский муниципальный район,Карачаево-Черкесская Республика,22,20,0,Малые сельские МО,1.0,0.95
2016,городской округ Махнёвское,Свердловская область,16,14,0,Малые сельские МО,1.0,0.948
202,Прикубанский муниципальный район,Карачаево-Черкесская Республика,17,17,0,Малые сельские МО,1.0,0.949
2020,городской округ Верхнее Дуброво,Свердловская область,18,16,0,Малые сельские МО,0.562,0.95
2026,городской округ Верх-Нейвинский,Свердловская область,14,12,3,Ресурсный Север и Дальний Восток,0.583,0.946
2029,городской округ Горноуральский,Свердловская область,16,14,0,Малые сельские МО,1.0,0.948
2038,городской округ Староуткинск,Свердловская область,3,1,0,Малые сельские МО,1.0,0.94
2083,Кирсановский муниципальный район,Тамбовская область,17,17,0,Малые сельские МО,1.0,0.949
2086,Моршанский муниципальный район,Тамбовская область,16,16,0,Малые сельские МО,1.0,0.948
2092,Рассказовский муниципальный район,Тамбовская область,8,6,0,Малые сельские МО,1.0,0.943
2099,Уваровский муниципальный район,Тамбовская область,19,19,0,Малые сельские МО,1.0,0.95
2166,городской округ рабочий поселок Новогуровский,Тульская область,14,12,0,Малые сельские МО,1.0,0.946
2170,городской округ Славный,Тульская область,17,17,0,Малые сельские МО,1.0,0.949
2209,Тобольский муниципальный район,Тюменская область,11,9,1,Индустриальные и средние города,1.0,0.942
2214,Ялуторовский муниципальный район,Тюменская область,4,2,0,Малые сельские МО,1.0,0.93
2261,Мелекесский муниципальный район,Ульяновская область,3,1,0,Малые сельские МО,1.0,0.94
2263,Новомалыклинский муниципальный район,Ульяновская область,7,5,0,Малые сельские МО,1.0,0.947
2273,Цильнинский муниципальный район,Ульяновская область,21,19,0,Малые сельские МО,1.0,0.95
2291,Агаповский муниципальный район,Челябинская область,13,11,0,Малые сельские МО,1.0,0.944
2346,городской округ Провиденский,Чукотский автономный округ,12,11,3,Ресурсный Север и Дальний Восток,1.0,0.943
2347,городской округ Певек,Чукотский автономный округ,12,10,3,Ресурсный Север и Дальний Восток,1.0,0.943
2394,внутригородская территория города федерального значения поселок Петро-Славянка,Санкт-Петербург,18,16,2,Столичные агломерации,1.0,0.95
2397,внутригородская территория города федерального значения поселок Усть-Ижора,Санкт-Петербург,17,15,1,Индустриальные и средние города,1.0,0.949
2448,внутригородская территория города федерального значения поселок Александровская,Санкт-Петербург,1,0,-1,не назначен (меньше 3 месяцев),0.0,
2594,внутригородская территория города федерального значения поселение Кленовское,Москва,10,8,0,Малые сельские МО,0.5,0.941
2603,внутригородская территория города федерального значения поселение Роговское,Москва,10,8,1,Индустриальные и средние города,1.0,0.941
286,городской округ Саранск,Республика Мордовия,12,12,2,Столичные агломерации,1.0,0.943
291,Большеигнатовский муниципальный район,Республика Мордовия,19,17,0,Малые сельские МО,1.0,0.95
299,Кочкуровский муниципальный район,Республика Мордовия,3,1,0,Малые сельские МО,1.0,0.94
3008,городской округ Химки,Московская область,12,12,2,Столичные агломерации,1.0,0.943
3010,Тамбовский муниципальный район,Тамбовская область,12,10,1,Индустриальные и средние города,1.0,0.943
3014,городской округ Павлово-Посадский,Московская область,10,10,2,Столичные агломерации,0.8,0.941
310,городской округ Жатай,Республика Саха (Якутия),8,6,1,Индустриальные и средние города,1.0,0.943
3101,Сасовский муниципальный округ,Рязанская область,10,10,0,Малые сельские МО,1.0,0.941
311,Абыйский муниципальный район,Республика Саха (Якутия),23,21,3,Ресурсный Север и Дальний Восток,1.0,0.95
313,Аллаиховский муниципальный район,Республика Саха (Якутия),15,13,3,Ресурсный Север и Дальний Восток,1.0,0.947
315,Анабарский национальный (долгано-эвенкийский) муниципальный район,Республика Саха (Якутия),22,20,3,Ресурсный Север и Дальний Восток,1.0,0.95
322,Жиганский муниципальный район,Республика Саха (Якутия),22,20,3,Ресурсный Север и Дальний Восток,1.0,0.95
328,Момский муниципальный район,Республика Саха (Якутия),22,20,3,Ресурсный Север и Дальний Восток,1.0,0.95
344,Эвено-Бытантайский национальный муниципальный район,Республика Саха (Якутия),10,10,3,Ресурсный Север и Дальний Восток,1.0,0.941
350,Кировский муниципальный район,Республика Северная Осетия — Алания,1,1,0,Малые сельские МО,1.0,0.94
353,Пригородный муниципальный район,Республика Северная Осетия — Алания,17,17,1,Индустриальные и средние города,0.941,0.949
389,Рыбно-Слободский муниципальный район,Республика Татарстан,23,21,0,Малые сельские МО,1.0,0.95
394,Тукаевский муниципальный район,Республика Татарстан,3,1,1,Индустриальные и средние города,1.0,0.94
406,Монгун-Тайгинский муниципальный район,Республика Тыва,1,1,0,Малые сельские МО,1.0,0.94
409,Сут-Хольский муниципальный район,Республика Тыва,21,21,0,Малые сельские МО,1.0,0.95
415,Чаа-Хольский муниципальный район,Республика Тыва,2,2,0,Малые сельские МО,1.0,0.94
417,Эрзинский муниципальный район,Республика Тыва,8,8,0,Малые сельские МО,1.0,0.943
426,муниципальный округ Воткинский район,Удмуртская Республика,10,8,1,Индустриальные и средние города,0.625,0.941
439,муниципальный округ Можгинский район,Удмуртская Республика,3,1,0,Малые сельские МО,1.0,0.94
461,городской округ город Грозный,Чеченская Республика,12,12,1,Индустриальные и средние города,1.0,0.943
462,городской округ город Аргун,Чеченская Республика,6,6,1,Индустриальные и средние города,0.833,0.95
466,Гудермесский муниципальный район,Чеченская Республика,4,4,1,Индустриальные и средние города,1.0,0.93
469,Надтеречный муниципальный район,Чеченская Республика,3,3,0,Малые сельские МО,1.0,0.94
474,Урус-Мартановский муниципальный район,Чеченская Республика,2,2,0,Малые сельские МО,0.5,0.94
483,Алатырский муниципальный округ,Чувашская Республика,22,22,0,Малые сельские МО,1.0,0.95
500,Шумерлинский муниципальный округ,Чувашская Республика,20,18,1,Индустриальные и средние города,1.0,0.95
514,Алейский муниципальный район,Алтайский край,21,21,0,Малые сельские МО,1.0,0.95
526,Заринский муниципальный район,Алтайский край,1,1,0,Малые сельские МО,1.0,0.94
573,городской округ город Чита,Забайкальский край,12,10,2,Столичные агломерации,1.0,0.943
576,Акшинский муниципальный район,Забайкальский край,12,10,0,Малые сельские МО,1.0,0.943
577,Александрово-Заводский муниципальный район,Забайкальский край,12,10,3,Ресурсный Север и Дальний Восток,0.6,0.943
590,Нерчинско-Заводский муниципальный район,Забайкальский край,12,10,3,Ресурсный Север и Дальний Восток,0.9,0.943
597,Тунгокоченский муниципальный район,Забайкальский край,12,10,3,Ресурсный Север и Дальний Восток,1.0,0.943
611,Быстринский муниципальный район,Камчатский край,22,20,3,Ресурсный Север и Дальний Восток,1.0,0.95
620,Пенжинский муниципальный район,Камчатский край,5,5,3,Ресурсный Север и Дальний Восток,1.0,0.94
64,Куюргазинский муниципальный район,Республика Башкортостан,17,15,1,Индустриальные и средние города,0.867,0.949
681,городской округ поселок Кедровый,Красноярский край,18,16,0,Малые сельские МО,1.0,0.95
688,Боготольский муниципальный район,Красноярский край,4,4,0,Малые сельские МО,1.0,0.93
700,Канский муниципальный район,Красноярский край,3,1,0,Малые сельские МО,1.0,0.94
709,Назаровский муниципальный район,Красноярский край,15,13,0,Малые сельские МО,0.615,0.947
724,Шарыповский муниципальный округ,Красноярский край,21,19,1,Индустриальные и средние города,1.0,0.95
85,городской округ город Северобайкальск,Республика Бурятия,12,10,1,Индустриальные и средние города,1.0,0.943
850,Комсомольский муниципальный район,Хабаровский край,10,8,3,Ресурсный Север и Дальний Восток,0.75,0.941
858,Тугуро-Чумиканский муниципальный район,Хабаровский край,19,19,3,Ресурсный Север и Дальний Восток,1.0,0.95
86,Баргузинский муниципальный район,Республика Бурятия,12,10,0,Малые сельские МО,1.0,0.943
862,городской округ город Белогорск,Амурская область,12,10,1,Индустриальные и средние города,1.0,0.943
863,городской округ город Зея,Амурская область,12,10,3,Ресурсный Север и Дальний Восток,1.0,0.943
864,городской округ город Райчихинск,Амурская область,12,10,3,Ресурсный Север и Дальний Восток,1.0,0.943
865,городской округ город Свободный,Амурская область,12,10,1,Индустриальные и средние города,1.0,0.943
866,городской округ город Тында,Амурская область,12,10,1,Индустриальные и средние города,1.0,0.943
867,городской округ город Шимановск,Амурская область,12,10,1,Индустриальные и средние города,0.5,0.943
868,городской округ рабочий поселок (поселок городского типа) Прогресс,Амурская область,12,10,0,Малые сельские МО,1.0,0.943
87,Баунтовский эвенкийский муниципальный район,Республика Бурятия,12,10,3,Ресурсный Север и Дальний Восток,1.0,0.943
88,Бичурский муниципальный район,Республика Бурятия,12,10,0,Малые сельские МО,1.0,0.943
887,Тамбовский муниципальный округ,Амурская область,12,10,3,Ресурсный Север и Дальний Восток,1.0,0.943
89,Джидинский муниципальный район,Республика Бурятия,12,10,0,Малые сельские МО,1.0,0.943
90,Еравнинский муниципальный район,Республика Бурятия,12,10,1,Индустриальные и средние города,1.0,0.943
91,Заиграевский муниципальный район,Республика Бурятия,12,10,0,Малые сельские МО,0.8,0.943
910,Пинежский муниципальный район,Архангельская область,12,10,0,Малые сельские МО,1.0,0.943
92,Закаменский муниципальный район,Республика Бурятия,12,10,0,Малые сельские МО,0.7,0.943
921,Володарский муниципальный район,Астраханская область,11,9,0,Малые сельские МО,1.0,0.942
93,Иволгинский муниципальный район,Республика Бурятия,12,10,3,Ресурсный Север и Дальний Восток,0.9,0.943
94,Кабанский муниципальный район,Республика Бурятия,12,10,1,Индустриальные и средние города,1.0,0.943
95,Кижингинский муниципальный район,Республика Бурятия,12,10,0,Малые сельские МО,1.0,0.943
96,Курумканский муниципальный район,Республика Бурятия,12,10,0,Малые сельские МО,1.0,0.943
97,Кяхтинский муниципальный район,Республика Бурятия,12,10,3,Ресурсный Север и Дальний Восток,0.8,0.943
98,Муйский муниципальный район,Республика Бурятия,12,10,3,Ресурсный Север и Дальний Восток,1.0,0.943
99,Мухоршибирский муниципальный район,Республика Бурятия,12,10,0,Малые сельские МО,0.7,0.943
997,Ковровский муниципальный район,Владимирская область,4,2,1,Индустриальные и средние города,1.0,0.93
