метод,churn_ср,SW_ср,CH_ср,S_Dbw_ср,AVI_ср,AVU_ср,MQ_ср,Q_ср,churn_сд,SW_сд,CH_сд,S_Dbw_сд,AVI_сд,AVU_сд,MQ_сд,Q_сд,сидов,ARI_между_сидами
k-means,0.0389,0.1492,372.9464,0.8269,0.8383,0.1432,4.3411,0.6378,0.0052,0.0011,0.1007,0.0031,0.0015,0.0013,0.0162,0.0023,5,0.9648
Ward,0.287,0.1073,301.557,0.8601,0.8599,0.1312,4.4076,0.6513,,,,,,,,,1,1.0
GMM,0.0359,0.099,325.5569,0.8474,0.8271,0.157,4.2597,0.6448,0.0133,0.0001,0.2187,0.0003,0.0003,0.0003,0.0011,0.0001,5,0.9896
спектральный,0.0633,0.1423,287.8839,0.7302,0.9073,0.0852,4.575,0.6879,0.0,0.0,0.0,0.0,0.0,0.0,0.0,0.0,5,1.0
Leiden (срезы),0.1709,0.1337,307.7107,0.8289,0.9272,0.0671,4.2923,0.6972,0.0091,0.0086,19.5925,0.028,0.0022,0.0016,0.2636,0.0051,5,0.781
DMoN (срезы),0.1259,0.0879,306.3943,0.749,0.8698,0.1176,4.4962,0.6703,0.0145,0.0053,6.5322,0.0054,0.0054,0.0052,0.0336,0.0065,5,0.4453
KEFRiNe,0.048,0.1473,369.5998,0.8,0.8424,0.1413,4.3747,0.6504,0.0036,0.0017,0.9994,0.0086,0.0023,0.0021,0.009,0.0027,5,0.9278
KEFRiNc,0.1648,0.1234,344.5472,0.7509,0.8535,0.128,4.4628,0.6499,0.0163,0.0058,4.1203,0.0089,0.0029,0.0025,0.0168,0.0126,5,0.7025
KEFRiNm,0.1085,0.137,353.0564,0.8587,0.8241,0.1613,4.2994,0.6249,0.012,0.0055,1.3575,0.0057,0.0075,0.0086,0.0141,0.0019,5,0.7621
CANUS,,0.1127,296.6702,0.7466,0.8389,0.1397,4.2326,0.5673,,0.0172,16.1288,0.0236,0.0153,0.0126,0.1141,0.0377,5,0.4383
KEFRiN (подобран: euclidean ρ=0.5 ξ=1),0.0553,0.1471,368.4669,0.7945,0.8466,0.1376,4.4087,0.6557,0.0031,0.0003,0.0644,0.0002,0.0005,0.0004,0.0049,0.0009,5,0.9747
"CANUS (подобран: lr 1e-2, τ=2)",,0.1211,313.1735,0.7439,0.8497,0.1317,4.338,0.5886,,0.0059,15.016,0.0162,0.0031,0.002,0.0697,0.0383,5,0.4653
"GS-TKM (наш, K=5)",0.0031,0.1399,362.0015,0.8191,0.8521,0.1357,4.4123,0.6513,0.0,0.0002,0.052,0.0008,0.0003,0.0003,0.0009,0.0002,5,0.9968
k-means общий + Витерби λ=0.5,0.0018,0.1462,369.4243,0.824,0.8308,0.15,4.3102,0.6362,0.0,0.0003,0.0168,0.0003,0.0004,0.0004,0.0006,0.0001,5,0.9918
