метод,K,churn,stab,NMI_reg,SW,CH,S_Dbw,AVI,AVU,ANUI,MQ,Q
k-means,5.0,0.0401549508692365,0.9080383852509044,0.2053453378612814,0.1473966891808799,369.5837498175184,0.8268900367668907,0.8373829088775566,0.1450531374491705,0.7467709335808985,4.342180415693658,0.6386430288674483
Ward,5.0,0.287037037037037,0.5261250342133029,0.1602481862941845,0.1197359070789005,299.8402630881815,0.8641953233238723,0.8610939760197897,0.1289235477124258,0.7754934172424516,4.415537377996923,0.65023171715753
GMM,5.0,0.0140306122448979,0.8886863240743295,0.2275090884201427,0.0980121482043063,321.98101126091126,0.8484466094653315,0.8252847192226095,0.1581362870197025,0.730019742722173,4.249218507839289,0.6431574749795763
спектральный,5.0,0.0633267195767195,0.7491166763921212,0.2095477633787822,0.1364506515000995,283.3308048731372,0.7169399842955858,0.9082696315266094,0.0842463304757385,0.8437642732649897,4.598653827014802,0.6887400939029672
Leiden (срезы),4.863636363636363,0.1518329554043839,0.6333810898500171,0.2287019850390406,0.1301671641153992,304.20056577709283,0.8237441536034795,0.9334170000767456,0.0616540136791332,0.8826879437950033,4.263025728720013,0.6819588624600765
Leiden мультислой ω=0.2,4.0,0.0600907029478458,0.7621061470325136,0.1913186660624125,0.1458426008337189,334.4421821773367,0.8381863079331336,0.9354697616096276,0.060451656230124,0.885416900483976,3.8209694105278142,0.6764652722490666
DMoN (срезы),5.0,0.1188114134542706,0.5475157127770264,0.1944925698274165,0.0879218119348371,300.0219511219932,0.7589637282389857,0.8669000873626582,0.1210922564509052,0.7845573261250972,4.488236625670655,0.6677900407021687
k-means общий + Витерби λ=0.5,5.0,0.0018424036281179,0.8982149626125994,0.2071923954266835,0.1448770709592287,366.74878965234393,0.8252553449671595,0.8301850141306003,0.1505938781436093,0.7379561191460171,4.304929722301543,0.6357237279093693
k-means общий + Витерби λ=2,5.0,0.0001653439153439,0.8999752053440826,0.2078578889238505,0.1439909779499155,365.6369489739575,0.8251083499306946,0.8270169269610523,0.1534238002766413,0.7339209834308872,4.288627794878862,0.6337632255230061
k-means общий + Витерби λ=5,5.0,7.086167800453515e-05,0.9026915462880511,0.2083392431561383,0.1438845115239428,365.4474727294737,0.8256844259208808,0.8263317838532038,0.1538302449080047,0.7331598557900715,4.287475640821665,0.633554790046341
паттерны (полный порядок),405.09090909090907,0.7897061602418747,0.2492941925765886,0.4663536015668486,-0.2759739786672323,6.557304446262423,0.4038241990039796,0.0960605996218073,0.2577084464353198,0.0936197255729864,14.010814166376193,0.1257121164043655
паттерны (соседние оси),28.727272727272727,0.4267526455026454,0.59849112396738,0.2563443823108812,-0.0771784405186719,47.21858395508154,0.7136589646330305,0.4176056110327921,0.3330530493907292,0.3662958761285655,7.052680370893434,0.3677058130855247
KEFRiNe,5.0,0.0492961073318216,0.8405833175367091,0.2030175041170165,0.1480346812798872,366.5656997217112,0.8123043805406329,0.8421945653083617,0.1420671231598991,0.7522251019447623,4.365189548514945,0.649610413674529
KEFRiNc,5.0,0.186578798185941,0.5997128128715233,0.2206894652621881,0.1127695469663278,337.0083986149707,0.7428350773756588,0.8461355104370698,0.134626708375475,0.7597675647149006,4.43204706853076,0.6301986530489695
KEFRiNm,5.0,0.117228835978836,0.7267933162347723,0.2032334217874244,0.1400335801790019,351.8150722289698,0.8505286139258361,0.8328389898534182,0.1531667430335045,0.7388504457246714,4.3214723151056464,0.6264737686141858
KEFRiNe (сеть z),5.0,0.1633125472411186,0.6620723542026768,0.1958404843245519,0.1385629376430651,354.69940299726954,0.8015367026463304,0.8680728101666143,0.1214263251026128,0.7853195044001363,4.525247932931398,0.6727295079467963
KEFRiNc (сеть z),5.0,0.1849726001511715,0.7387478003946345,0.2279664467833598,0.1306886974507994,346.1459570016984,0.7562176350559244,0.8540430404742365,0.1274888365804127,0.7702222392592023,4.4364274084313475,0.6472149781826425
KEFRiN (подобран: euclidean ρ=0.5 ξ=1),5.0,0.0568783068783068,0.858914792099248,0.218221002220237,0.1435754298909326,364.8040136351371,0.8052735558333044,0.840723278802171,0.1430412544174321,0.7505331944115073,4.381317140389951,0.6536153730838921
CANUS,5.0,0.1231339758125472,0.7463345550473212,0.1879777128377521,0.0885424613803648,283.10826854563084,0.7481217337466741,0.8364366268041233,0.1429495167968932,0.74754670993463,4.189510903602196,0.5505054561298804
"CANUS (подобран: lr 1e-2, τ=2)",5.0,0.1379676870748299,0.7420481370906674,0.1980516566798002,0.123742911410309,308.28571174409717,0.7615335712215635,0.8519423965077311,0.1277715436466122,0.7684950309989953,4.338082972718826,0.5746677190899145
"GS-TKM (наш, K=5)",5.0,0.003070672713529856,0.8733531142786721,0.20663355761662358,0.1389590808570359,359.11777358269916,0.8201859589315921,0.8505638779746447,0.13715875234411018,0.7617363287199237,4.404432484263153,0.6497293485370355
