метод,сид,churn,SW,CH,S_Dbw,AVI,AVU,MQ,Q
k-means,42,0.04787887377173091,0.14894046215968637,372.9030042366007,0.8280919274619697,0.8365543368432302,0.14503110836842795,4.317694000337133,0.6341704135604781
k-means,43,0.035572562358276646,0.1479197779502357,372.8190137754553,0.8218231223544006,0.8369507461242013,0.14367536044056473,4.331502471339035,0.6375892771717078
k-means,44,0.03850151171579743,0.15094170047940036,372.91148108336625,0.8297465061969733,0.8396137345253569,0.1415802104808173,4.347021322996301,0.638240995930254
k-means,45,0.03583238851095995,0.14936967014594502,373.0431761738027,0.8284409190454398,0.8397948737544411,0.14245539756857437,4.3568337305408145,0.6405536389388606
k-means,46,0.03647014361300075,0.14907000406596374,373.0553040227689,0.8263521816312873,0.8387417505631074,0.14324600002812585,4.352655685021449,0.6385173174813926
Ward,42,0.28703703703703703,0.10732031749814912,301.55698480855585,0.8600756465953506,0.8599302040825703,0.1312220871938692,4.407589238393488,0.6512626148873452
GMM,42,0.032407407407407406,0.09895562831385579,325.6802247287943,0.8475728068492204,0.8274001063000922,0.15677781031799812,4.2609506200943725,0.6449164680829873
GMM,43,0.01412509448223734,0.09894749538498031,325.37309255130896,0.8475218795149116,0.8268642966011645,0.15723012110855697,4.258993983255274,0.644665309736797
GMM,44,0.046697845804988654,0.09919955602767576,325.88318197150505,0.8468853624834325,0.8275525517188839,0.1566126750361431,4.260816367867764,0.644874996828721
GMM,45,0.04343820861678004,0.09891223323808056,325.4067772974164,0.8475053926250183,0.8267518419658212,0.15730172827593947,4.25874108637646,0.6446442618798164
GMM,46,0.0428949357520786,0.09891315163432678,325.44129132349514,0.8474084481063479,0.8271497130294566,0.1569283612667571,4.25879648684591,0.644659973088911
спектральный,42,0.06332671957671958,0.14231707450943476,287.8839327339154,0.7302288663070958,0.9072905727576291,0.08523139132645612,4.574979048768811,0.6878823550360623
спектральный,43,0.06332671957671958,0.14231707450943476,287.8839327339154,0.7302288663070958,0.9072905727576291,0.08523139132645612,4.574979048768811,0.6878823550360623
спектральный,44,0.06332671957671958,0.14231707450943476,287.8839327339154,0.7302288663070958,0.9072905727576291,0.08523139132645612,4.574979048768811,0.6878823550360623
спектральный,45,0.06332671957671958,0.14231707450943476,287.8839327339154,0.7302288663070958,0.9072905727576291,0.08523139132645612,4.574979048768811,0.6878823550360623
спектральный,46,0.06332671957671958,0.14231707450943476,287.8839327339154,0.7302288663070958,0.9072905727576291,0.08523139132645612,4.574979048768811,0.6878823550360623
Leiden (срезы),42,0.16489512471655327,0.1250449753200424,307.707899420872,0.8449864398354482,0.9265287132405593,0.067622931656245,4.111647024225183,0.6958421953386623
Leiden (срезы),43,0.17535903250188964,0.12390691117074017,274.66025718964204,0.7913181569337461,0.9247413876067893,0.06899466314596814,4.702820140371865,0.7058976680647552
Leiden (срезы),44,0.18001228269085412,0.13881044447773574,311.5043604035671,0.8653570917707593,0.9256181342234625,0.06775884450990721,4.414220303365614,0.6923686796872565
Leiden (срезы),45,0.17625661375661372,0.14211433893731795,322.9255815552007,0.8176076974636666,0.9298031035520659,0.06489614344062412,4.115293442574265,0.6954372602918782
Leiden (срезы),46,0.15818688586545732,0.13881443329252066,321.7552489781439,0.8250947915247893,0.9292694274198173,0.06621487762419698,4.117479529706042,0.6965004594413934
DMoN (срезы),42,0.14325869236583524,0.08821921123296354,302.50496530096586,0.7570370046373694,0.8624368173024154,0.12538127167630947,4.443214061996659,0.6592688103299763
DMoN (срезы),43,0.1331727135298564,0.07976317894112668,297.5448262689676,0.7506884461433824,0.8658182800062447,0.12038445743633812,4.489068437894681,0.6729807921245495
DMoN (срезы),44,0.12986583522297807,0.08650209954698201,308.40466935586,0.7491286911085503,0.8730447736472025,0.11474595516867869,4.503663006658492,0.6714893435468402
DMoN (срезы),45,0.10612717309145883,0.09353580229100085,314.55561337767875,0.7447299741409731,0.8728185120727009,0.11410627616234927,4.512517246784745,0.671282787009064
DMoN (срезы),46,0.11725245653817085,0.0914492680377692,308.96157765539584,0.743424777564004,0.874999301080211,0.11317443687861782,4.532614779350621,0.6763218765151402
KEFRiNe,42,0.049296107331821624,0.1499134884697374,369.3250293449925,0.8025469431953303,0.8452957102447635,0.13871603805585989,4.380794227863789,0.6520232843012891
KEFRiNe,43,0.050453514739229016,0.14716153695865128,369.03433498899193,0.7927471526863537,0.8428924841894072,0.14041650933568908,4.37952718538112,0.6524760507528273
KEFRiNe,44,0.05042989417989417,0.1469049399447373,368.9823006321329,0.7928848333158447,0.8424713053653045,0.14087198521649888,4.378615555355922,0.6518055153967323
KEFRiNe,45,0.048327664399092966,0.14718122520113752,369.29034572336303,0.798232227049089,0.8423242290922301,0.14197495073314645,4.375356625453315,0.64937167874923
KEFRiNe,46,0.04171390778533636,0.14527740855536705,371.36695643119543,0.8135305346287662,0.8388779345877352,0.14429663375116134,4.359070015523959,0.6460967527496578
KEFRiNc,42,0.18657879818594103,0.1155786595867143,339.1636700983502,0.739744110872647,0.8527510646910789,0.12919701026813157,4.453737036946118,0.631680587119721
KEFRiNc,43,0.1682492441421013,0.1261862004027744,347.84523743162487,0.7508034833506199,0.8510642182237395,0.12944545180891434,4.4415896306841,0.6480332444307875
KEFRiNc,44,0.1652730536659108,0.13078267597759508,349.0583562698675,0.7637781031435552,0.8585438629786619,0.12363725340798609,4.486217016885482,0.6660304910875792
KEFRiNc,45,0.14080215419501135,0.12031326746783096,341.7922190536379,0.7467050756503274,0.8527948277521125,0.12875911020931796,4.470227558027777,0.6478926910772981
KEFRiNc,46,0.16319444444444442,0.12433900651298173,344.8762995795151,0.7534528000466848,0.8524695194564961,0.12906093335521762,4.462470229846715,0.6557316749984803
KEFRiNm,42,0.11722883597883602,0.14417069014236586,355.2994433395711,0.8586705150020962,0.8346387503615476,0.1495596077150552,4.321839458991369,0.6280843851034685
KEFRiNm,43,0.11028439153439154,0.1416444439662928,353.38273485724443,0.8595533615944281,0.829128991371081,0.15476587052400764,4.303081597217004,0.6244814381755538
KEFRiNm,44,0.11340230536659106,0.13390546194033856,352.1552093857411,0.8524185627489662,0.8202357713085379,0.16586932774822624,4.292183983315087,0.6239974884577112
KEFRiNm,45,0.08737244897959183,0.1325264610186745,352.0993471719783,0.8553902818207287,0.8167675004929148,0.1696096197766177,4.294980122287206,0.6229484196744521
KEFRiNm,46,0.11396919879062735,0.13267731194040291,352.34513204145986,0.8675277936375775,0.819710006675658,0.16648345818297838,4.285054946253889,0.625088881046626
CANUS,42,,0.09142257755518217,282.16943104136027,0.7581592139354388,0.8347030648869453,0.14410212653431315,4.189995455110229,0.5495652599929239
CANUS,43,,0.11811410498015713,295.8262400297813,0.7310043944590636,0.8238413804252748,0.14913669286156098,4.085189733900474,0.5363626702822778
CANUS,44,,0.09766265836797601,301.43285658688853,0.7554914045847094,0.8310784307238229,0.14955437072729713,4.283268152900974,0.607004088108852
CANUS,45,,0.1262177541372377,282.5848624099314,0.7145120094256305,0.8407967894888119,0.13660021953315424,4.212166815916471,0.5343287544031066
CANUS,46,,0.12984789017997445,321.33772156148,0.7737668368879774,0.8640042170819427,0.11916143344493806,4.392556429188052,0.6091798795527512
KEFRiN (подобран: euclidean ρ=0.5 ξ=1),42,0.056878306878306875,0.1467873185672013,368.5118113429665,0.7946493393649675,0.846243265339217,0.13762402624533657,4.406077378282917,0.6559789823015935
KEFRiN (подобран: euclidean ρ=0.5 ξ=1),43,0.059689153439153445,0.14732754851199256,368.50638549755496,0.7944926024346284,0.8460383723101602,0.1382153980970449,4.401969005874987,0.6543106941887774
KEFRiN (подобран: euclidean ρ=0.5 ξ=1),44,0.05371315192743763,0.1470509309139925,368.4966641412368,0.7945036160988391,0.8470493188308065,0.13721460859219245,4.409389117679072,0.6557389962446614
KEFRiN (подобран: euclidean ρ=0.5 ξ=1),45,0.05156368102796675,0.14692502508542551,368.4624702411061,0.794171016632189,0.8468472420677244,0.1373481187354705,4.41417783216851,0.656597822320587
KEFRiN (подобран: euclidean ρ=0.5 ξ=1),46,0.05456349206349206,0.14746625083446477,368.3569804771243,0.7945766533716451,0.8469758620218238,0.13755409671485247,4.412085412510533,0.6560639552333526
"CANUS (подобран: lr 1e-2, τ=2)",42,,0.12200045008204662,310.17212479995806,0.7619370655209896,0.8511014024662211,0.12872458492497876,4.330256727372428,0.5731481887950826
"CANUS (подобран: lr 1e-2, τ=2)",43,,0.1263942008996581,309.65164214742657,0.7413360655032641,0.8477888117575921,0.13203890979501942,4.282087742586779,0.5674767592510146
"CANUS (подобран: lr 1e-2, τ=2)",44,,0.11517489060933833,326.72772192670436,0.7484473528598762,0.850466116551349,0.13142062252681838,4.421276084297631,0.6415978837682035
"CANUS (подобран: lr 1e-2, τ=2)",45,,0.12707435917840007,291.3267613563731,0.7181197279703997,0.8455092367126396,0.1343668336019567,4.260744260976593,0.5469886808532524
"CANUS (подобран: lr 1e-2, τ=2)",46,,0.11472250077592709,327.98944305733136,0.749440532699345,0.8535629365471745,0.13179369795353138,4.3958844278438205,0.6137679862895143
"GS-TKM (наш, K=5)",42,0.003070672713529856,0.13991655665976743,362.01084618217095,0.8194234009107028,0.851993622710563,0.13583072152505074,4.412727718662366,0.6511709255965235
"GS-TKM (наш, K=5)",43,0.003070672713529856,0.13991655665976743,362.01084618217095,0.8194234009107028,0.851993622710563,0.13583072152505074,4.412727718662366,0.6511709255965235
"GS-TKM (наш, K=5)",44,0.003117913832199546,0.1399955747783693,362.0370496736994,0.8194559518588642,0.8519732362853231,0.13585110795029057,4.412661217228603,0.6511537377217484
"GS-TKM (наш, K=5)",45,0.003117913832199546,0.1399955747783693,362.0370496736994,0.8194559518588642,0.8519732362853231,0.13585110795029057,4.412661217228603,0.6511537377217484
"GS-TKM (наш, K=5)",46,0.003070672713529856,0.13959656267792164,361.9115013670914,0.8176783431909534,0.8525526009009807,0.13524901889041605,4.4106343440976365,0.6516539550080428
k-means общий + Витерби λ=0.5,42,0.001818783068783069,0.14594545713633209,369.4374487864049,0.8238377290509239,0.8305910930011868,0.1502515362993099,4.309820958251098,0.6361545414684189
k-means общий + Витерби λ=0.5,43,0.001818783068783069,0.14594545713633209,369.4374487864048,0.8238377290509238,0.8305910930011868,0.1502515362993099,4.309820958251098,0.6361545414684189
k-means общий + Витерби λ=0.5,44,0.0018187830687830687,0.14652174279352764,369.3977078458732,0.8245952544276279,0.8309445138211435,0.14979103371490368,4.310589015060057,0.6361525141664216
k-means общий + Витерби λ=0.5,45,0.0018424036281179139,0.14597197045918453,369.4304092913735,0.8237612924071946,0.8303910039539878,0.1503288414709479,4.309634728175186,0.6361310820651882
k-means общий + Витерби λ=0.5,46,0.0018424036281179132,0.1465159656387142,369.41855685943096,0.8239327596405217,0.8314673767307198,0.14944623710593766,4.311056112473087,0.6362886096251451
