,0: Малые сельские МО,1: Индустриальные и средние города,2: Столичные агломерации,3: Ресурсный Север и Дальний Восток
доля расходов: здоровье,-0.03,-0.21,0.97,-1.42
доля расходов: общепит,-0.72,0.21,1.79,-0.02
доля расходов: продовольствие,0.64,-0.21,-1.62,0.24
доля расходов: маркетплейсы,0.38,0.02,-0.59,-1.91
доля расходов: транспорт,-0.26,-0.04,1.06,-0.59
доля расходов: прочее,-0.68,0.21,1.26,1.3
"расходы на душу, руб/мес",-0.71,0.09,1.7,0.91
"население, чел",-0.32,0.03,1.03,-0.34
"зарплата, руб",-0.59,0.0,1.43,1.1
занятость: с/х,0.29,-0.16,-0.56,-0.05
занятость: добыча,-0.17,0.2,-0.24,1.12
занятость: обработка,-0.47,0.67,0.27,-0.47
занятость: торговля,-0.31,-0.1,1.37,-0.76
занятость: госуправл.,0.51,-0.35,-0.88,0.05
занятость: образование,0.5,-0.49,-0.54,-0.09
занятость: ИКТ,-0.24,-0.13,1.04,-0.2
рост доли маркетплейсов за период,0.6,-0.23,-1.14,-0.68
волатильность расходов,0.34,-0.37,-0.98,2.01
