правило,рёбер,изолятов,Жаккар_с_базовым,K4_ARI_с_базовым,K4_churn,K4_внутри_типа,K4_внутри_региона,K4_SW,K4_AVI,K4_AVU,K4_Q,K4_AVI_ref,K4_z_AVI_конфиг,K4_J_по_кластерам,K4_J_худший,K4_устойчивых,K5_ARI_с_базовым,K5_churn,K5_внутри_типа,K5_внутри_региона,K5_SW,K5_AVI,K5_AVU,K5_Q,K5_AVI_ref,K5_z_AVI_конфиг,K5_J_по_кластерам,K5_J_худший,K5_устойчивых
cos_feat,9566,0,1.0,1.0,0.002102229780801209,0.9129207610286431,0.2761864938323228,0.17839179433095098,0.9079505419074595,0.08948213316885445,0.6167107631395522,0.9245636454000198,91.12477292849934,0.910325565415814,0.8057513740609286,4/4,1.0,0.003070672713529856,0.8609659209701025,0.2761864938323228,0.13991655665976743,0.851993622710563,0.13583072152505074,0.6511709255965235,0.8825455437324732,114.66353994690691,0.8755942699511315,0.7923920644183264,5/5
euclid_feat,8996,0,0.530129420492952,0.8948999441497407,0.00248015873015873,0.9136282792352156,0.2786794130724767,0.17421619153813994,0.905701651115859,0.09175711752486156,0.5775643746330213,0.902390541015763,107.30239298002975,0.910608341509731,0.8238714588463717,4/4,0.8971979068307027,0.003495842781557066,0.8578257003112495,0.2786794130724767,0.13903563137540453,0.8523713216313276,0.135582533952487,0.6138987622276958,0.8577201840447731,128.79587085503064,,,
corr_growth,8482,0,0.05021821355833576,0.5312657601817452,0.0008739606953892667,0.8369488328224476,0.36795567083235087,0.17900261695209432,0.8291636229962821,0.16284869230954016,0.5289158681293685,0.8217125491556244,66.38867166490367,0.8997692751002933,0.857296386876747,4/4,0.43902083710348094,0.0012518896447467876,0.7162225890120255,0.36795567083235087,0.08151010313585343,0.6996750699648379,0.25780486079212744,0.5062338116959036,0.7443531906103907,74.11158650236324,,,
shape_level,9226,0,0.029360210341805432,0.32178880290749257,0.0010865457294028723,0.8030565792326035,0.2017125514849339,0.0924235355648782,0.790363004449438,0.1865079894714595,0.5890567518396983,0.859985523384028,92.83552942956717,0.7563770533659158,0.5466591227948757,3/4,0.36009374019260804,0.0007322373393801965,0.7941686538044657,0.2017125514849339,0.075748175705432,0.7803422723485819,0.18859687623050062,0.599773909622677,0.8391619518958494,89.21781416838266,,,
lag_corr,9211,0,0.05087306917394224,0.5230482875640864,0.001062925170068027,0.872543697752687,0.2919335577027467,0.16834518029717035,0.8627237917829523,0.12900301508348344,0.5813549440121323,0.8606009947442311,82.93801857700359,0.9102507568877214,0.8815969251359462,4/4,0.36181889061593464,0.0012991307634164777,0.7888394311149712,0.2919335577027467,0.08750958787330447,0.7727484465258015,0.20179147965401092,0.5939327551792281,0.8156927743404387,92.79212774214467,0.862861686187437,0.7989148663470568,5/5
dtw,9258,0,0.09422775097366738,0.7268120227072207,0.000968442932728647,0.9135882480017282,0.2801901058543962,0.1721944754415079,0.9113383906211809,0.0865288244661111,0.6042959957125319,0.9123261899299159,114.9676201616963,0.9182973788168496,0.883017801674726,4/4,0.544358447943621,0.001582577475434618,0.872650680492547,0.2801901058543962,0.10828936630628196,0.867907887301688,0.12668248379931193,0.6401352322996955,0.8774557143131115,119.45148913211233,0.868487444671367,0.8149434095543118,5/5
road_gravity,20033,10,0.048234585827106276,0.29444243556393107,0.001535336356764928,0.8387660360405331,0.704637348375181,0.06896811497087621,0.8614533239933867,0.1358940529976839,0.5543229978271106,0.8771740354070503,153.65038520204908,0.8150235153253877,0.7159958552599445,2/4,0.23034583280202284,0.0018660241874527586,0.8152548295312734,0.704637348375181,0.05745591430094708,0.8505215923221315,0.13713264503935485,0.6033474447031323,0.8353095097943667,158.90084275280387,,,
fusion,34395,0,0.2781218200319814,0.6370768416128211,0.001464474678760393,0.7499927315016718,0.4894606774240442,0.155919176908426,0.7782879924500211,0.20381300363622212,0.4971455203760445,0.8013590721973824,140.5369153265425,0.922955174664524,0.8662204542726721,4/4,0.3967259584385021,0.0022911942554799695,0.6795464457043174,0.4894606774240442,0.09635380870120752,0.7214699939413979,0.2147731785445417,0.5241657441921569,0.755548057473713,204.14034900364882,,,
cos_feat_nm,21387,0,0.4472810585869921,0.9126939423349842,0.0025037792894935748,0.880441389629214,0.21517744424182914,0.17777495513415875,0.8837372974132102,0.10858236413229978,0.603528953508706,0.8921750210418375,127.47242269501488,0.912032918561082,0.7779428758847516,4/4,0.8509957436124488,0.0038029100529100527,0.8383129938747838,0.21517744424182914,0.14648478783710686,0.8377208168848603,0.14565875053961588,0.6281752851537142,0.8608197257456408,144.4818223492123,,,
cos_feat@nm,21387,0,0.4472810585869921,0.9126939423349842,0.0025037792894935748,0.880441389629214,0.21517744424182914,0.17777495513415875,0.8837372974132102,0.10858236413229978,0.603528953508706,0.8921750210418375,161.16202295944,0.912032918561082,0.7779428758847516,4/4,0.8509957436124488,0.0038029100529100527,0.8383129938747838,0.21517744424182914,0.14648478783710686,0.8377208168848603,0.14565875053961588,0.6281752851537142,0.8608197257456408,147.2905646038711,,,
cos_feat@k8,5894,0,0.6161404975956513,0.9591639618087766,0.0020077475434618288,0.9114353579911775,0.2980997624703088,0.17832057377970364,0.9083039944945952,0.08900142848495214,0.6131625208550928,0.9203259530078497,74.62233223895649,0.9023031225687412,0.8122374808887558,4/4,0.9295893418255018,0.003283257747543462,0.8700373260943333,0.2980997624703088,0.14064521552026157,0.8676183684111721,0.12315499691871785,0.6659552894667812,0.8983227636943245,94.86720220335643,,,
cos_feat@k30,19167,0,0.49908697240048,0.9335036795326712,0.002102229780801209,0.8989930609902437,0.22298742630562945,0.17671992518221688,0.8928194274877307,0.10184476255922971,0.6055680717833369,0.9052582798547602,131.2058439419728,0.8906334009701369,0.7480151793661793,3/4,0.8662877291234231,0.003047052154195011,0.8469765743204466,0.22298742630562945,0.14169626406158217,0.8374051015092752,0.1464819843924989,0.6390142407549187,0.866975465789626,148.32479217939505,,,
cos_feat@eps,16768,0,0.3552570634553034,0.9479899406180051,0.002054988662131519,0.9212786259541985,0.3538287213740458,0.17822072236388595,0.9053452882269334,0.09317194431408941,0.44233198830830167,0.9148833237040312,123.63872192787258,0.9027242617852782,0.7990356715432547,4/4,0.887028764190287,0.0036848072562358273,0.8903864503816794,0.3538287213740458,0.13776009321409796,0.8615332692416368,0.13234540099976205,0.5351390569183282,0.889875540439959,173.78397234719606,,,
dtw@nm,21813,0,0.10047695868696079,0.701253306596311,0.0008975812547241116,0.9015266125704855,0.21400082519598404,0.16958231492177225,0.9040234550832404,0.09090742975108239,0.591832977801907,0.885900722536328,158.01126774898881,0.9157862796867688,0.8778526213674048,4/4,0.5286561266726079,0.0008739606953892667,0.8473845871727869,0.21400082519598404,0.10625148339766259,0.8523704861230081,0.13604616038369396,0.6324250351780727,0.8516547295577269,171.46682163640563,,,
dtw@k8,5870,0,0.08224076281287247,0.7179809128108962,0.0009684429327286468,0.9132879045996593,0.29761499148211246,0.1722970205255123,0.9139830913584688,0.08431063199308104,0.6057265498935185,0.9083928387420835,92.47951740477716,0.8989783662626394,0.8653862668757455,4/4,0.5753461659111585,0.001558956916099773,0.868313458262351,0.29761499148211246,0.11216226671720657,0.8678790418407992,0.12639335958120237,0.6391331305314499,0.8721217670904172,111.78486064275107,,,
dtw@k30,17713,0,0.1003590012504538,0.7018974101932705,0.0010156840513983372,0.9136227629424716,0.24535651781177667,0.17099161865192858,0.9093011382676123,0.08715831913766059,0.6043452972267044,0.9046908825646293,133.00521899984395,0.9235665908309593,0.8922698330788194,4/4,0.5349392993851692,0.0010393046107331821,0.8734262970699487,0.24535651781177667,0.10688933242264842,0.8669350504774237,0.12647689297595896,0.6479986325165289,0.875399202238707,169.89530413573644,,,
dtw@eps,17751,0,0.08040658123714602,0.734252250163248,0.0013936130007558578,0.9398343755281393,0.3875274632415075,0.1731614613937469,0.9131349471114328,0.0857449103418222,0.3755101097987203,0.9090145120463946,157.6072705361449,0.9039207051348104,0.8565844739921642,4/4,0.5864147705544438,0.0019132653061224492,0.9289054137795054,0.3875274632415075,0.11350403989132811,0.8716789863694202,0.12320639000510103,0.4066003580615873,0.884004513211745,182.43772246575733,,,
lag_corr@nm,22286,0,0.04831490258030542,0.48267624655951524,0.0013699924414210126,0.8319572825989411,0.2244458404379431,0.14133465761513295,0.8338675065680362,0.14907725837837463,0.5587507280923509,0.8273891582343506,123.12723131967778,0.9352169171217131,0.9096228830586931,4/4,0.31130755238606095,0.002054988662131519,0.7405994794938526,0.2244458404379431,0.07775416653761746,0.7415359048720093,0.21350533358150972,0.5603834521317244,0.7651263088345615,135.50853096972506,,,
lag_corr@k8,5964,0,0.042281879194630875,0.5661496686721003,0.001369992441421013,0.8547954393024816,0.31103286384976525,0.1624168901512387,0.853572785247194,0.1368991775658426,0.5694166517867535,0.8511829051847078,75.9907690450585,0.8950460618878506,0.8570613505728713,4/4,0.36185764274204657,0.0011574074074074073,0.7813547954393025,0.31103286384976525,0.09105254384220872,0.7766631902521617,0.20420356606906412,0.582346979338351,0.8080753021467458,79.38695820231295,,,
lag_corr@k30,18090,0,0.0557740026722657,0.5026489613325855,0.0008267195767195765,0.89126589275843,0.2576561636263129,0.1687990607020365,0.8721914317087335,0.1187739795432815,0.5904650106912684,0.8624639324198297,111.50960708430627,0.9377333302905279,0.8976620968716252,4/4,0.31084758629558656,0.001488095238095238,0.796849087893864,0.2576561636263129,0.07900736686562372,0.7725693454737206,0.19760340148152636,0.5965331315954735,0.8073895504549498,130.6149278011647,,,
lag_corr@eps,18540,0,0.05514885309907272,0.5837236956430395,0.0014172335600907027,0.9252966558791802,0.5450377562028047,0.16868017287883533,0.854789112276266,0.13703589718983758,0.28285091518841415,0.853759964855931,164.518471352646,0.9199448834958918,0.88480935719198,4/4,0.4073972131962299,0.0017479213907785334,0.9020496224379719,0.5450377562028047,0.09662578055110094,0.7796445886395302,0.19817760056064163,0.27967407432903263,0.8081345170546964,174.8922563475981,,,
