,cos_feat,euclid_feat,corr_growth,shape_level,lag_corr,dtw,road_gravity,fusion,cos_feat_nm,cos_feat@nm,cos_feat@k8,cos_feat@k30,cos_feat@eps,dtw@nm,dtw@k8,dtw@k30,dtw@eps,lag_corr@nm,lag_corr@k8,lag_corr@k30,lag_corr@eps
cos_feat,1.0,0.53,0.05,0.029,0.051,0.094,0.048,0.278,0.447,0.447,0.616,0.499,0.355,0.1,0.082,0.1,0.08,0.048,0.042,0.056,0.055
euclid_feat,0.53,1.0,0.051,0.028,0.05,0.1,0.045,0.184,0.362,0.362,0.442,0.4,0.285,0.102,0.085,0.107,0.085,0.046,0.043,0.054,0.056
corr_growth,0.05,0.051,1.0,0.035,0.119,0.062,0.068,0.247,0.047,0.047,0.044,0.049,0.05,0.057,0.054,0.064,0.061,0.099,0.11,0.111,0.089
shape_level,0.029,0.028,0.035,1.0,0.059,0.025,0.028,0.034,0.029,0.029,0.025,0.031,0.034,0.026,0.021,0.029,0.038,0.055,0.052,0.06,0.06
lag_corr,0.051,0.05,0.119,0.059,1.0,0.056,0.052,0.074,0.049,0.049,0.044,0.052,0.053,0.054,0.049,0.059,0.062,0.413,0.647,0.509,0.279
dtw,0.094,0.1,0.062,0.025,0.056,1.0,0.05,0.073,0.085,0.085,0.085,0.089,0.08,0.424,0.634,0.523,0.309,0.052,0.048,0.06,0.062
road_gravity,0.048,0.045,0.068,0.028,0.052,0.05,1.0,0.582,0.059,0.059,0.036,0.058,0.054,0.063,0.04,0.06,0.063,0.061,0.042,0.062,0.075
fusion,0.278,0.184,0.247,0.034,0.074,0.073,0.582,1.0,0.24,0.24,0.171,0.248,0.189,0.105,0.054,0.099,0.095,0.096,0.056,0.099,0.103
cos_feat_nm,0.447,0.362,0.047,0.029,0.049,0.085,0.059,0.24,1.0,1.0,0.276,0.606,0.331,0.119,0.066,0.111,0.09,0.061,0.038,0.066,0.069
cos_feat@nm,0.447,0.362,0.047,0.029,0.049,0.085,0.059,0.24,1.0,1.0,0.276,0.606,0.331,0.119,0.066,0.111,0.09,0.061,0.038,0.066,0.069
cos_feat@k8,0.616,0.442,0.044,0.025,0.044,0.085,0.036,0.171,0.276,0.276,1.0,0.308,0.31,0.078,0.081,0.081,0.062,0.036,0.04,0.043,0.041
cos_feat@k30,0.499,0.4,0.049,0.031,0.052,0.089,0.058,0.248,0.606,0.606,0.308,1.0,0.36,0.12,0.069,0.113,0.094,0.062,0.04,0.068,0.071
cos_feat@eps,0.355,0.285,0.05,0.034,0.053,0.08,0.054,0.189,0.331,0.331,0.31,0.36,1.0,0.1,0.061,0.105,0.17,0.063,0.039,0.072,0.186
dtw@nm,0.1,0.102,0.057,0.026,0.054,0.424,0.063,0.105,0.119,0.119,0.078,0.12,0.1,1.0,0.269,0.576,0.266,0.065,0.041,0.07,0.072
dtw@k8,0.082,0.085,0.054,0.021,0.049,0.634,0.04,0.054,0.066,0.066,0.081,0.069,0.061,0.269,1.0,0.331,0.28,0.041,0.045,0.047,0.044
dtw@k30,0.1,0.107,0.064,0.029,0.059,0.523,0.06,0.099,0.111,0.111,0.081,0.113,0.105,0.576,0.331,1.0,0.328,0.067,0.046,0.074,0.087
dtw@eps,0.08,0.085,0.061,0.038,0.062,0.309,0.063,0.095,0.09,0.09,0.062,0.094,0.17,0.266,0.28,0.328,1.0,0.076,0.046,0.084,0.242
lag_corr@nm,0.048,0.046,0.099,0.055,0.413,0.052,0.061,0.096,0.061,0.061,0.036,0.062,0.063,0.065,0.041,0.067,0.076,1.0,0.268,0.568,0.239
lag_corr@k8,0.042,0.043,0.11,0.052,0.647,0.048,0.042,0.056,0.038,0.038,0.04,0.04,0.039,0.041,0.045,0.046,0.046,0.268,1.0,0.33,0.269
lag_corr@k30,0.056,0.054,0.111,0.06,0.509,0.06,0.062,0.099,0.066,0.066,0.043,0.068,0.072,0.07,0.047,0.074,0.084,0.568,0.33,1.0,0.27
lag_corr@eps,0.055,0.056,0.089,0.06,0.279,0.062,0.075,0.103,0.069,0.069,0.041,0.071,0.186,0.072,0.044,0.087,0.242,0.239,0.269,0.27,1.0
