tid,municipal_district_name,region_name,месяцев_с_данными
526,Заринский муниципальный район,Алтайский край,1
121,Бабаюртовский муниципальный район,Республика Дагестан,1
2448,внутригородская территория города федерального значения поселок Александровская,Санкт-Петербург,1
406,Монгун-Тайгинский муниципальный район,Республика Тыва,1
350,Кировский муниципальный район,Республика Северная Осетия — Алания,1
172,Лескенский муниципальный район,Кабардино-Балкарская Республика,1
474,Урус-Мартановский муниципальный район,Чеченская Республика,2
142,Новолакский муниципальный район,Республика Дагестан,2
415,Чаа-Хольский муниципальный район,Республика Тыва,2
145,Сергокалинский муниципальный район,Республика Дагестан,2
1162,Тулунский муниципальный район,Иркутская область,3
700,Канский муниципальный район,Красноярский край,3
299,Кочкуровский муниципальный район,Республика Мордовия,3
1716,Знаменский муниципальный район,Орловская область,3
394,Тукаевский муниципальный район,Республика Татарстан,3
439,муниципальный округ Можгинский район,Удмуртская Республика,3
469,Надтеречный муниципальный район,Чеченская Республика,3
187,Приютненский муниципальный район,Республика Калмыкия,3
1729,Сосковский муниципальный район,Орловская область,3
1177,городской округ Ладушкинский,Калининградская область,3
2038,городской округ Староуткинск,Свердловская область,3
1772,Куньинский муниципальный район,Псковская область,3
1913,городской округ поселок Михайловский,Саратовская область,3
2261,Мелекесский муниципальный район,Ульяновская область,3
688,Боготольский муниципальный район,Красноярский край,4
2214,Ялуторовский муниципальный район,Тюменская область,4
997,Ковровский муниципальный район,Владимирская область,4
466,Гудермесский муниципальный район,Чеченская Республика,4
1022,Камышинский муниципальный район,Волгоградская область,4
620,Пенжинский муниципальный район,Камчатский край,5
143,Ногайский муниципальный район,Республика Дагестан,5
178,Чегемский муниципальный район,Кабардино-Балкарская Республика,5
116,городской округ город Южно-Сухокумск,Республика Дагестан,6
140,Кумторкалинский муниципальный район,Республика Дагестан,6
1720,Корсаковский муниципальный район,Орловская область,6
462,городской округ город Аргун,Чеченская Республика,6
183,Кетченеровский муниципальный район,Республика Калмыкия,7
2263,Новомалыклинский муниципальный район,Ульяновская область,7
1779,Палкинский муниципальный район,Псковская область,7
417,Эрзинский муниципальный район,Республика Тыва,8
2092,Рассказовский муниципальный район,Тамбовская область,8
1684,Бузулукский муниципальный район,Оренбургская область,8
109,городской округ город Дагестанские Огни,Республика Дагестан,8
310,городской округ Жатай,Республика Саха (Якутия),8
1576,Батецкий муниципальный район,Новгородская область,9
1433,муниципальный округ Северо-Эвенский,Магаданская область,9
2594,внутригородская территория города федерального значения поселение Кленовское,Москва,10
344,Эвено-Бытантайский национальный муниципальный район,Республика Саха (Якутия),10
426,муниципальный округ Воткинский район,Удмуртская Республика,10
2603,внутригородская территория города федерального значения поселение Роговское,Москва,10
850,Комсомольский муниципальный район,Хабаровский край,10
3014,городской округ Павлово-Посадский,Московская область,10
3101,Сасовский муниципальный округ,Рязанская область,10
1723,Мценский муниципальный район,Орловская область,10
1424,Липецкий муниципальный район,Липецкая область,10
1695,Оренбургский муниципальный район,Оренбургская область,10
921,Володарский муниципальный район,Астраханская область,11
2209,Тобольский муниципальный район,Тюменская область,11
100,Окинский муниципальный район,Республика Бурятия,11
866,городской округ город Тында,Амурская область,12
576,Акшинский муниципальный район,Забайкальский край,12
577,Александрово-Заводский муниципальный район,Забайкальский край,12
3010,Тамбовский муниципальный район,Тамбовская область,12
3008,городской округ Химки,Московская область,12
1721,Ливенский муниципальный район,Орловская область,12
590,Нерчинско-Заводский муниципальный район,Забайкальский край,12
1847,городской округ город Сасово,Рязанская область,12
1882,городской округ Тольятти,Самарская область,12
2347,городской округ Певек,Чукотский автономный округ,12
867,городской округ город Шимановск,Амурская область,12
2346,городской округ Провиденский,Чукотский автономный округ,12
1471,городской округ Павловский Посад,Московская область,12
573,городской округ город Чита,Забайкальский край,12
1043,Фроловский муниципальный район,Волгоградская область,12
862,городской округ город Белогорск,Амурская область,12
863,городской округ город Зея,Амурская область,12
864,городской округ город Райчихинск,Амурская область,12
910,Пинежский муниципальный район,Архангельская область,12
868,городской округ рабочий поселок (поселок городского типа) Прогресс,Амурская область,12
865,городской округ город Свободный,Амурская область,12
1487,городской округ Электрогорск,Московская область,12
887,Тамбовский муниципальный округ,Амурская область,12
597,Тунгокоченский муниципальный район,Забайкальский край,12
114,городской округ город Кизляр,Республика Дагестан,12
97,Кяхтинский муниципальный район,Республика Бурятия,12
189,Целинный муниципальный район,Республика Калмыкия,12
177,Урванский муниципальный район,Кабардино-Балкарская Республика,12
98,Муйский муниципальный район,Республика Бурятия,12
99,Мухоршибирский муниципальный район,Республика Бурятия,12
101,Прибайкальский муниципальный район,Республика Бурятия,12
102,Северо-Байкальский муниципальный район,Республика Бурятия,12
103,Селенгинский муниципальный район,Республика Бурятия,12
104,Тарбагатайский муниципальный район,Республика Бурятия,12
105,Тункинский муниципальный район,Республика Бурятия,12
106,Хоринский муниципальный район,Республика Бурятия,12
107,городской округ город Махачкала,Республика Дагестан,12
108,городской округ город Буйнакск,Республика Дагестан,12
111,городской округ город Избербаш,Республика Дагестан,12
160,городской округ город Назрань,Республика Ингушетия,12
158,городской округ город Магас,Республика Ингушетия,12
96,Курумканский муниципальный район,Республика Бурятия,12
113,городской округ город Кизилюрт,Республика Дагестан,12
91,Заиграевский муниципальный район,Республика Бурятия,12
286,городской округ Саранск,Республика Мордовия,12
85,городской округ город Северобайкальск,Республика Бурятия,12
95,Кижингинский муниципальный район,Республика Бурятия,12
94,Кабанский муниципальный район,Республика Бурятия,12
461,городской округ город Грозный,Чеченская Республика,12
86,Баргузинский муниципальный район,Республика Бурятия,12
87,Баунтовский эвенкийский муниципальный район,Республика Бурятия,12
93,Иволгинский муниципальный район,Республика Бурятия,12
88,Бичурский муниципальный район,Республика Бурятия,12
89,Джидинский муниципальный район,Республика Бурятия,12
92,Закаменский муниципальный район,Республика Бурятия,12
90,Еравнинский муниципальный район,Республика Бурятия,12
2291,Агаповский муниципальный район,Челябинская область,13
1354,Шадринский муниципальный округ,Курганская область,13
2166,городской округ рабочий поселок Новогуровский,Тульская область,14
2026,городской округ Верх-Нейвинский,Свердловская область,14
313,Аллаиховский муниципальный район,Республика Саха (Якутия),15
709,Назаровский муниципальный район,Красноярский край,15
1432,муниципальный округ Омсукчанский,Магаданская область,16
2016,городской округ Махнёвское,Свердловская область,16
2029,городской округ Горноуральский,Свердловская область,16
2086,Моршанский муниципальный район,Тамбовская область,16
2170,городской округ Славный,Тульская область,17
2397,внутригородская территория города федерального значения поселок Усть-Ижора,Санкт-Петербург,17
1964,городской округ Северо-Курильский,Сахалинская область,17
2083,Кирсановский муниципальный район,Тамбовская область,17
64,Куюргазинский муниципальный район,Республика Башкортостан,17
202,Прикубанский муниципальный район,Карачаево-Черкесская Республика,17
353,Пригородный муниципальный район,Республика Северная Осетия — Алания,17
2394,внутригородская территория города федерального значения поселок Петро-Славянка,Санкт-Петербург,18
190,Черноземельский муниципальный район,Республика Калмыкия,18
174,Прохладненский муниципальный район,Кабардино-Балкарская Республика,18
2020,городской округ Верхнее Дуброво,Свердловская область,18
1245,Ленинск-Кузнецкий муниципальный округ,Кемеровская область,18
1767,Великолукский муниципальный район,Псковская область,18
681,городской округ поселок Кедровый,Красноярский край,18
291,Большеигнатовский муниципальный район,Республика Мордовия,19
2099,Уваровский муниципальный район,Тамбовская область,19
1247,Новокузнецкий муниципальный округ,Кемеровская область,19
858,Тугуро-Чумиканский муниципальный район,Хабаровский край,19
1713,Дмитровский муниципальный район,Орловская область,19
1436,муниципальный округ Тенькинский,Магаданская область,19
1763,Шемышейский муниципальный район,Пензенская область,20
500,Шумерлинский муниципальный округ,Чувашская Республика,20
1183,муниципальный округ Багратионовский,Калининградская область,20
176,Терский муниципальный район,Кабардино-Балкарская Республика,21
179,Эльбрусский муниципальный район,Кабардино-Балкарская Республика,21
186,Октябрьский муниципальный район,Республика Калмыкия,21
409,Сут-Хольский муниципальный район,Республика Тыва,21
724,Шарыповский муниципальный округ,Красноярский край,21
197,Адыге-Хабльский муниципальный район,Карачаево-Черкесская Республика,21
2273,Цильнинский муниципальный район,Ульяновская область,21
514,Алейский муниципальный район,Алтайский край,21
611,Быстринский муниципальный район,Камчатский край,22
483,Алатырский муниципальный округ,Чувашская Республика,22
322,Жиганский муниципальный район,Республика Саха (Якутия),22
328,Момский муниципальный район,Республика Саха (Якутия),22
1437,муниципальный округ Хасынский,Магаданская область,22
200,Малокарачаевский муниципальный район,Карачаево-Черкесская Республика,22
193,Яшкульский муниципальный район,Республика Калмыкия,22
1789,Усвятский муниципальный район,Псковская область,22
1434,муниципальный округ Среднеканский,Магаданская область,22
315,Анабарский национальный (долгано-эвенкийский) муниципальный район,Республика Саха (Якутия),22
192,Яшалтинский муниципальный район,Республика Калмыкия,22
311,Абыйский муниципальный район,Республика Саха (Якутия),23
1182,городской округ Янтарный,Калининградская область,23
1216,Перемышльский муниципальный район,Калужская область,23
1332,Шарьинский муниципальный район,Костромская область,23
389,Рыбно-Слободский муниципальный район,Республика Татарстан,23
1342,Кетовский муниципальный округ,Курганская область,23
1435,муниципальный округ Сусуманский,Магаданская область,23
