K,цель,роль,граф,модель,MAE,изменение_MAE_против_s0,±2se,ARI_типов_2023_и_2024,ARI_с_типами_без_графа
4,прирост log расходов,поисковая,без графа (s=0),типы,0.02372,0.0,0.0,0.45249,1.0
4,прирост log расходов,поисковая,без графа (s=0),регионы + типы,0.02184,0.0,0.0,0.45249,1.0
4,прирост log расходов,поисковая,без графа (s=0),уровень + типы,0.0237,0.0,0.0,0.45249,1.0
4,прирост log расходов,поисковая,cos_feat,типы,0.02356,-0.00687,0.00034,0.44719,0.77945
4,прирост log расходов,поисковая,cos_feat,регионы + типы,0.02164,-0.00881,0.00114,0.44719,0.77945
4,прирост log расходов,поисковая,cos_feat,уровень + типы,0.02356,-0.00611,0.00038,0.44719,0.77945
4,прирост log расходов,поисковая,dtw,типы,0.0238,0.00339,0.00033,0.75022,0.84755
4,прирост log расходов,поисковая,dtw,регионы + типы,0.0218,-0.00151,0.00081,0.75022,0.84755
4,прирост log расходов,поисковая,dtw,уровень + типы,0.02376,0.00258,0.00039,0.75022,0.84755
4,прирост log расходов,поисковая,lag_corr,типы,0.02355,-0.00724,0.00059,0.49233,0.30629
4,прирост log расходов,поисковая,lag_corr,регионы + типы,0.02143,-0.01847,0.00164,0.49233,0.30629
4,прирост log расходов,поисковая,lag_corr,уровень + типы,0.0235,-0.00841,0.00076,0.49233,0.30629
4,прирост log расходов,поисковая,corr_growth,типы,0.02387,0.00609,0.00051,0.45376,0.38757
4,прирост log расходов,поисковая,corr_growth,регионы + типы,0.02176,-0.0036,0.0017,0.45376,0.38757
4,прирост log расходов,поисковая,corr_growth,уровень + типы,0.0238,0.00394,0.00068,0.45376,0.38757
4,прирост log расходов,поисковая,road_gravity,типы,0.02534,0.06816,0.0006,0.77686,0.27691
4,прирост log расходов,поисковая,road_gravity,регионы + типы,0.02306,0.05604,0.00146,0.77686,0.27691
4,прирост log расходов,поисковая,road_gravity,уровень + типы,0.02389,0.00775,0.00079,0.77686,0.27691
4,прирост доли маркетплейсов,поисковая,без графа (s=0),типы,0.00798,0.0,0.0,0.45249,1.0
4,прирост доли маркетплейсов,поисковая,без графа (s=0),регионы + типы,0.007,0.0,0.0,0.45249,1.0
4,прирост доли маркетплейсов,поисковая,без графа (s=0),уровень + типы,0.00673,0.0,0.0,0.45249,1.0
4,прирост доли маркетплейсов,поисковая,cos_feat,типы,0.00805,0.00858,0.00031,0.44719,0.77945
4,прирост доли маркетплейсов,поисковая,cos_feat,регионы + типы,0.00698,-0.00305,0.00122,0.44719,0.77945
4,прирост доли маркетплейсов,поисковая,cos_feat,уровень + типы,0.00676,0.00407,0.00058,0.44719,0.77945
4,прирост доли маркетплейсов,поисковая,dtw,типы,0.00798,7e-05,0.0003,0.75022,0.84755
4,прирост доли маркетплейсов,поисковая,dtw,регионы + типы,0.00697,-0.00505,0.00125,0.75022,0.84755
4,прирост доли маркетплейсов,поисковая,dtw,уровень + типы,0.00672,-0.00168,0.0004,0.75022,0.84755
4,прирост доли маркетплейсов,поисковая,lag_corr,типы,0.00775,-0.02831,0.00041,0.49233,0.30629
4,прирост доли маркетплейсов,поисковая,lag_corr,регионы + типы,0.00714,0.01905,0.00254,0.49233,0.30629
4,прирост доли маркетплейсов,поисковая,lag_corr,уровень + типы,0.00672,-0.00273,0.00075,0.49233,0.30629
4,прирост доли маркетплейсов,поисковая,corr_growth,типы,0.0079,-0.00983,0.00094,0.45376,0.38757
4,прирост доли маркетплейсов,поисковая,corr_growth,регионы + типы,0.00704,0.00526,0.00308,0.45376,0.38757
4,прирост доли маркетплейсов,поисковая,corr_growth,уровень + типы,0.00678,0.00641,0.00076,0.45376,0.38757
4,прирост доли маркетплейсов,поисковая,road_gravity,типы,0.00847,0.06183,0.00049,0.77686,0.27691
4,прирост доли маркетплейсов,поисковая,road_gravity,регионы + типы,0.00785,0.121,0.00221,0.77686,0.27691
4,прирост доли маркетплейсов,поисковая,road_gravity,уровень + типы,0.00672,-0.00248,0.00073,0.77686,0.27691
4,прирост доли общепита,подтверждающая,без графа (s=0),типы,0.00218,0.0,0.0,0.45249,1.0
4,прирост доли общепита,подтверждающая,без графа (s=0),регионы + типы,0.00208,0.0,0.0,0.45249,1.0
4,прирост доли общепита,подтверждающая,без графа (s=0),уровень + типы,0.00212,0.0,0.0,0.45249,1.0
4,прирост доли общепита,подтверждающая,cos_feat,типы,0.00216,-0.00779,0.00014,0.44719,0.77945
4,прирост доли общепита,подтверждающая,cos_feat,регионы + типы,0.00207,-0.00718,0.00078,0.44719,0.77945
4,прирост доли общепита,подтверждающая,cos_feat,уровень + типы,0.00211,-0.00515,0.00021,0.44719,0.77945
4,прирост доли общепита,подтверждающая,dtw,типы,0.00219,0.0039,0.00039,0.75022,0.84755
4,прирост доли общепита,подтверждающая,dtw,регионы + типы,0.00209,0.00122,0.00067,0.75022,0.84755
4,прирост доли общепита,подтверждающая,dtw,уровень + типы,0.00212,0.0004,0.00058,0.75022,0.84755
4,прирост доли общепита,подтверждающая,lag_corr,типы,0.00213,-0.02434,0.00067,0.49233,0.30629
4,прирост доли общепита,подтверждающая,lag_corr,регионы + типы,0.00205,-0.018,0.00126,0.49233,0.30629
4,прирост доли общепита,подтверждающая,lag_corr,уровень + типы,0.00208,-0.01722,0.00057,0.49233,0.30629
4,прирост доли общепита,подтверждающая,corr_growth,типы,0.00217,-0.00565,0.00057,0.45376,0.38757
4,прирост доли общепита,подтверждающая,corr_growth,регионы + типы,0.00207,-0.00564,0.00132,0.45376,0.38757
4,прирост доли общепита,подтверждающая,corr_growth,уровень + типы,0.00211,-0.00497,0.00081,0.45376,0.38757
4,прирост доли общепита,подтверждающая,road_gravity,типы,0.00223,0.02287,0.00048,0.77686,0.27691
4,прирост доли общепита,подтверждающая,road_gravity,регионы + типы,0.00214,0.02842,0.00139,0.77686,0.27691
4,прирост доли общепита,подтверждающая,road_gravity,уровень + типы,0.00212,0.00055,0.00044,0.77686,0.27691
4,прирост доли продовольствия,подтверждающая,без графа (s=0),типы,0.00774,0.0,0.0,0.45249,1.0
4,прирост доли продовольствия,подтверждающая,без графа (s=0),регионы + типы,0.00739,0.0,0.0,0.45249,1.0
4,прирост доли продовольствия,подтверждающая,без графа (s=0),уровень + типы,0.00769,0.0,0.0,0.45249,1.0
4,прирост доли продовольствия,подтверждающая,cos_feat,типы,0.00774,5e-05,0.00043,0.44719,0.77945
4,прирост доли продовольствия,подтверждающая,cos_feat,регионы + типы,0.00742,0.00413,0.00096,0.44719,0.77945
4,прирост доли продовольствия,подтверждающая,cos_feat,уровень + типы,0.00768,-0.00128,0.00043,0.44719,0.77945
4,прирост доли продовольствия,подтверждающая,dtw,типы,0.00773,-0.00081,0.00034,0.75022,0.84755
4,прирост доли продовольствия,подтверждающая,dtw,регионы + типы,0.00737,-0.00246,0.00062,0.75022,0.84755
4,прирост доли продовольствия,подтверждающая,dtw,уровень + типы,0.00769,-0.00047,0.00029,0.75022,0.84755
4,прирост доли продовольствия,подтверждающая,lag_corr,типы,0.00781,0.00951,0.00072,0.49233,0.30629
4,прирост доли продовольствия,подтверждающая,lag_corr,регионы + типы,0.00747,0.01093,0.00074,0.49233,0.30629
4,прирост доли продовольствия,подтверждающая,lag_corr,уровень + типы,0.00771,0.0018,0.00084,0.49233,0.30629
4,прирост доли продовольствия,подтверждающая,corr_growth,типы,0.00777,0.00348,0.0006,0.45376,0.38757
4,прирост доли продовольствия,подтверждающая,corr_growth,регионы + типы,0.00744,0.00675,0.00051,0.45376,0.38757
4,прирост доли продовольствия,подтверждающая,corr_growth,уровень + типы,0.00771,0.00214,0.00065,0.45376,0.38757
4,прирост доли продовольствия,подтверждающая,road_gravity,типы,0.00785,0.0145,0.00032,0.77686,0.27691
4,прирост доли продовольствия,подтверждающая,road_gravity,регионы + типы,0.00758,0.02526,0.00125,0.77686,0.27691
4,прирост доли продовольствия,подтверждающая,road_gravity,уровень + типы,0.00767,-0.00374,0.00061,0.77686,0.27691
4,прирост доли здоровья,подтверждающая,без графа (s=0),типы,0.00153,0.0,0.0,0.45249,1.0
4,прирост доли здоровья,подтверждающая,без графа (s=0),регионы + типы,0.00147,0.0,0.0,0.45249,1.0
4,прирост доли здоровья,подтверждающая,без графа (s=0),уровень + типы,0.00153,0.0,0.0,0.45249,1.0
4,прирост доли здоровья,подтверждающая,cos_feat,типы,0.00154,0.00309,0.00038,0.44719,0.77945
4,прирост доли здоровья,подтверждающая,cos_feat,регионы + типы,0.00147,0.0041,0.00082,0.44719,0.77945
4,прирост доли здоровья,подтверждающая,cos_feat,уровень + типы,0.00154,0.0044,0.00045,0.44719,0.77945
4,прирост доли здоровья,подтверждающая,dtw,типы,0.00154,0.00142,0.00028,0.75022,0.84755
4,прирост доли здоровья,подтверждающая,dtw,регионы + типы,0.00147,0.00242,0.00051,0.75022,0.84755
4,прирост доли здоровья,подтверждающая,dtw,уровень + типы,0.00153,0.00256,0.00038,0.75022,0.84755
4,прирост доли здоровья,подтверждающая,lag_corr,типы,0.00157,0.02424,0.00081,0.49233,0.30629
4,прирост доли здоровья,подтверждающая,lag_corr,регионы + типы,0.0015,0.02611,0.00122,0.49233,0.30629
4,прирост доли здоровья,подтверждающая,lag_corr,уровень + типы,0.00154,0.00979,0.00081,0.49233,0.30629
4,прирост доли здоровья,подтверждающая,corr_growth,типы,0.00158,0.02955,0.00077,0.45376,0.38757
4,прирост доли здоровья,подтверждающая,corr_growth,регионы + типы,0.0015,0.02529,0.00192,0.45376,0.38757
4,прирост доли здоровья,подтверждающая,corr_growth,уровень + типы,0.00157,0.02568,0.00087,0.45376,0.38757
4,прирост доли здоровья,подтверждающая,road_gravity,типы,0.00163,0.06268,0.00079,0.77686,0.27691
4,прирост доли здоровья,подтверждающая,road_gravity,регионы + типы,0.00157,0.06952,0.00171,0.77686,0.27691
4,прирост доли здоровья,подтверждающая,road_gravity,уровень + типы,0.00155,0.0148,0.00075,0.77686,0.27691
4,прирост доли транспорта,подтверждающая,без графа (s=0),типы,0.00241,0.0,0.0,0.45249,1.0
4,прирост доли транспорта,подтверждающая,без графа (s=0),регионы + типы,0.00228,0.0,0.0,0.45249,1.0
4,прирост доли транспорта,подтверждающая,без графа (s=0),уровень + типы,0.00239,0.0,0.0,0.45249,1.0
4,прирост доли транспорта,подтверждающая,cos_feat,типы,0.00241,0.00261,0.00051,0.44719,0.77945
4,прирост доли транспорта,подтверждающая,cos_feat,регионы + типы,0.00228,-0.00287,0.00087,0.44719,0.77945
4,прирост доли транспорта,подтверждающая,cos_feat,уровень + типы,0.0024,0.00179,0.0005,0.44719,0.77945
4,прирост доли транспорта,подтверждающая,dtw,типы,0.00242,0.0044,0.00031,0.75022,0.84755
4,прирост доли транспорта,подтверждающая,dtw,регионы + типы,0.00228,-0.00139,0.00159,0.75022,0.84755
4,прирост доли транспорта,подтверждающая,dtw,уровень + типы,0.0024,0.00284,0.00024,0.75022,0.84755
4,прирост доли транспорта,подтверждающая,lag_corr,типы,0.00239,-0.00666,0.00059,0.49233,0.30629
4,прирост доли транспорта,подтверждающая,lag_corr,регионы + типы,0.00228,-0.00081,0.00246,0.49233,0.30629
4,прирост доли транспорта,подтверждающая,lag_corr,уровень + типы,0.00234,-0.0246,0.00071,0.49233,0.30629
4,прирост доли транспорта,подтверждающая,corr_growth,типы,0.0024,-0.00385,0.00046,0.45376,0.38757
4,прирост доли транспорта,подтверждающая,corr_growth,регионы + типы,0.00227,-0.00391,0.00216,0.45376,0.38757
4,прирост доли транспорта,подтверждающая,corr_growth,уровень + типы,0.00237,-0.00947,0.00031,0.45376,0.38757
4,прирост доли транспорта,подтверждающая,road_gravity,типы,0.00262,0.08795,0.00045,0.77686,0.27691
4,прирост доли транспорта,подтверждающая,road_gravity,регионы + типы,0.00248,0.08552,0.00183,0.77686,0.27691
4,прирост доли транспорта,подтверждающая,road_gravity,уровень + типы,0.00239,-0.00032,0.00062,0.77686,0.27691
5,прирост log расходов,поисковая,без графа (s=0),типы,0.02364,0.0,0.0,0.41721,1.0
5,прирост log расходов,поисковая,без графа (s=0),регионы + типы,0.02174,0.0,0.0,0.41721,1.0
5,прирост log расходов,поисковая,без графа (s=0),уровень + типы,0.02364,0.0,0.0,0.41721,1.0
5,прирост log расходов,поисковая,cos_feat,типы,0.02356,-0.00364,0.00046,0.42306,0.82492
5,прирост log расходов,поисковая,cos_feat,регионы + типы,0.02165,-0.00387,0.00073,0.42306,0.82492
5,прирост log расходов,поисковая,cos_feat,уровень + типы,0.02356,-0.00311,0.00043,0.42306,0.82492
5,прирост log расходов,поисковая,dtw,типы,0.02363,-0.00047,0.00036,0.41717,0.84885
5,прирост log расходов,поисковая,dtw,регионы + типы,0.0218,0.00292,0.00056,0.41717,0.84885
5,прирост log расходов,поисковая,dtw,уровень + типы,0.02361,-0.001,0.00031,0.41717,0.84885
5,прирост log расходов,поисковая,lag_corr,типы,0.02286,-0.03315,0.00081,0.66389,0.25002
5,прирост log расходов,поисковая,lag_corr,регионы + типы,0.02105,-0.0314,0.00226,0.66389,0.25002
5,прирост log расходов,поисковая,lag_corr,уровень + типы,0.02286,-0.03298,0.00089,0.66389,0.25002
5,прирост log расходов,поисковая,corr_growth,типы,0.02333,-0.01312,0.00083,0.31685,0.28979
5,прирост log расходов,поисковая,corr_growth,регионы + типы,0.02151,-0.01054,0.00197,0.31685,0.28979
5,прирост log расходов,поисковая,corr_growth,уровень + типы,0.02333,-0.01285,0.00081,0.31685,0.28979
5,прирост log расходов,поисковая,road_gravity,типы,0.02525,0.06812,0.00063,0.52903,0.27634
5,прирост log расходов,поисковая,road_gravity,регионы + типы,0.02297,0.05657,0.00125,0.52903,0.27634
5,прирост log расходов,поисковая,road_gravity,уровень + типы,0.02386,0.0093,0.00055,0.52903,0.27634
5,прирост доли маркетплейсов,поисковая,без графа (s=0),типы,0.00796,0.0,0.0,0.41721,1.0
5,прирост доли маркетплейсов,поисковая,без графа (s=0),регионы + типы,0.00697,0.0,0.0,0.41721,1.0
5,прирост доли маркетплейсов,поисковая,без графа (s=0),уровень + типы,0.0067,0.0,0.0,0.41721,1.0
5,прирост доли маркетплейсов,поисковая,cos_feat,типы,0.00806,0.01268,0.00041,0.42306,0.82492
5,прирост доли маркетплейсов,поисковая,cos_feat,регионы + типы,0.00699,0.00257,0.00137,0.42306,0.82492
5,прирост доли маркетплейсов,поисковая,cos_feat,уровень + типы,0.00675,0.00757,0.00048,0.42306,0.82492
5,прирост доли маркетплейсов,поисковая,dtw,типы,0.00802,0.00749,0.00026,0.41717,0.84885
5,прирост доли маркетплейсов,поисковая,dtw,регионы + типы,0.00699,0.00252,0.00132,0.41717,0.84885
5,прирост доли маркетплейсов,поисковая,dtw,уровень + типы,0.00673,0.00419,0.00042,0.41717,0.84885
5,прирост доли маркетплейсов,поисковая,lag_corr,типы,0.00764,-0.04064,0.0005,0.66389,0.25002
5,прирост доли маркетплейсов,поисковая,lag_corr,регионы + типы,0.00704,0.01073,0.00164,0.66389,0.25002
5,прирост доли маркетплейсов,поисковая,lag_corr,уровень + типы,0.0067,0.00034,0.0009,0.66389,0.25002
5,прирост доли маркетплейсов,поисковая,corr_growth,типы,0.00771,-0.03216,0.00087,0.31685,0.28979
5,прирост доли маркетплейсов,поисковая,corr_growth,регионы + типы,0.00696,-0.00073,0.00188,0.31685,0.28979
5,прирост доли маркетплейсов,поисковая,corr_growth,уровень + типы,0.00673,0.00447,0.00053,0.31685,0.28979
5,прирост доли маркетплейсов,поисковая,road_gravity,типы,0.0084,0.05529,0.00059,0.52903,0.27634
5,прирост доли маркетплейсов,поисковая,road_gravity,регионы + типы,0.00788,0.13055,0.00207,0.52903,0.27634
5,прирост доли маркетплейсов,поисковая,road_gravity,уровень + типы,0.00673,0.00461,0.00058,0.52903,0.27634
5,прирост доли общепита,подтверждающая,без графа (s=0),типы,0.00218,0.0,0.0,0.41721,1.0
5,прирост доли общепита,подтверждающая,без графа (s=0),регионы + типы,0.00208,0.0,0.0,0.41721,1.0
5,прирост доли общепита,подтверждающая,без графа (s=0),уровень + типы,0.00212,0.0,0.0,0.41721,1.0
5,прирост доли общепита,подтверждающая,cos_feat,типы,0.00217,-0.00703,0.00032,0.42306,0.82492
5,прирост доли общепита,подтверждающая,cos_feat,регионы + типы,0.00206,-0.00956,0.00079,0.42306,0.82492
5,прирост доли общепита,подтверждающая,cos_feat,уровень + типы,0.00211,-0.00371,0.00035,0.42306,0.82492
5,прирост доли общепита,подтверждающая,dtw,типы,0.0022,0.00634,0.00058,0.41717,0.84885
5,прирост доли общепита,подтверждающая,dtw,регионы + типы,0.00209,0.00381,0.00081,0.41717,0.84885
5,прирост доли общепита,подтверждающая,dtw,уровень + типы,0.00212,0.00197,0.0006,0.41717,0.84885
5,прирост доли общепита,подтверждающая,lag_corr,типы,0.00212,-0.02669,0.00051,0.66389,0.25002
5,прирост доли общепита,подтверждающая,lag_corr,регионы + типы,0.00203,-0.02208,0.00168,0.66389,0.25002
5,прирост доли общепита,подтверждающая,lag_corr,уровень + типы,0.00208,-0.01941,0.00075,0.66389,0.25002
5,прирост доли общепита,подтверждающая,corr_growth,типы,0.00215,-0.01648,0.00049,0.31685,0.28979
5,прирост доли общепита,подтверждающая,corr_growth,регионы + типы,0.00206,-0.0094,0.00147,0.31685,0.28979
5,прирост доли общепита,подтверждающая,corr_growth,уровень + типы,0.0021,-0.00639,0.00075,0.31685,0.28979
5,прирост доли общепита,подтверждающая,road_gravity,типы,0.00224,0.02462,0.00034,0.52903,0.27634
5,прирост доли общепита,подтверждающая,road_gravity,регионы + типы,0.00215,0.03285,0.00127,0.52903,0.27634
5,прирост доли общепита,подтверждающая,road_gravity,уровень + типы,0.00211,-0.00135,0.00079,0.52903,0.27634
5,прирост доли продовольствия,подтверждающая,без графа (s=0),типы,0.00775,0.0,0.0,0.41721,1.0
5,прирост доли продовольствия,подтверждающая,без графа (s=0),регионы + типы,0.00739,0.0,0.0,0.41721,1.0
5,прирост доли продовольствия,подтверждающая,без графа (s=0),уровень + типы,0.0077,0.0,0.0,0.41721,1.0
5,прирост доли продовольствия,подтверждающая,cos_feat,типы,0.00776,0.00147,0.00047,0.42306,0.82492
5,прирост доли продовольствия,подтверждающая,cos_feat,регионы + типы,0.00743,0.00571,0.00067,0.42306,0.82492
5,прирост доли продовольствия,подтверждающая,cos_feat,уровень + типы,0.0077,-0.00016,0.00042,0.42306,0.82492
5,прирост доли продовольствия,подтверждающая,dtw,типы,0.00775,-0.00015,0.00066,0.41717,0.84885
5,прирост доли продовольствия,подтверждающая,dtw,регионы + типы,0.00738,-0.00086,0.00076,0.41717,0.84885
5,прирост доли продовольствия,подтверждающая,dtw,уровень + типы,0.0077,-0.00015,0.00071,0.41717,0.84885
5,прирост доли продовольствия,подтверждающая,lag_corr,типы,0.00783,0.01043,0.00057,0.66389,0.25002
5,прирост доли продовольствия,подтверждающая,lag_corr,регионы + типы,0.00749,0.0131,0.00084,0.66389,0.25002
5,прирост доли продовольствия,подтверждающая,lag_corr,уровень + типы,0.0077,-0.00106,0.00065,0.66389,0.25002
5,прирост доли продовольствия,подтверждающая,corr_growth,типы,0.00781,0.00846,0.00084,0.31685,0.28979
5,прирост доли продовольствия,подтверждающая,corr_growth,регионы + типы,0.00749,0.01376,0.00156,0.31685,0.28979
5,прирост доли продовольствия,подтверждающая,corr_growth,уровень + типы,0.00771,0.00022,0.00059,0.31685,0.28979
5,прирост доли продовольствия,подтверждающая,road_gravity,типы,0.00788,0.0176,0.00082,0.52903,0.27634
5,прирост доли продовольствия,подтверждающая,road_gravity,регионы + типы,0.00756,0.023,0.00168,0.52903,0.27634
5,прирост доли продовольствия,подтверждающая,road_gravity,уровень + типы,0.00765,-0.00647,0.00113,0.52903,0.27634
5,прирост доли здоровья,подтверждающая,без графа (s=0),типы,0.00155,0.0,0.0,0.41721,1.0
5,прирост доли здоровья,подтверждающая,без графа (s=0),регионы + типы,0.00148,0.0,0.0,0.41721,1.0
5,прирост доли здоровья,подтверждающая,без графа (s=0),уровень + типы,0.00154,0.0,0.0,0.41721,1.0
5,прирост доли здоровья,подтверждающая,cos_feat,типы,0.00155,0.00049,0.00042,0.42306,0.82492
5,прирост доли здоровья,подтверждающая,cos_feat,регионы + типы,0.00148,0.00274,0.00091,0.42306,0.82492
5,прирост доли здоровья,подтверждающая,cos_feat,уровень + типы,0.00154,0.00021,0.00054,0.42306,0.82492
5,прирост доли здоровья,подтверждающая,dtw,типы,0.00155,0.00227,0.00041,0.41717,0.84885
5,прирост доли здоровья,подтверждающая,dtw,регионы + типы,0.00148,-0.00051,0.00079,0.41717,0.84885
5,прирост доли здоровья,подтверждающая,dtw,уровень + типы,0.00155,0.00214,0.00036,0.41717,0.84885
5,прирост доли здоровья,подтверждающая,lag_corr,типы,0.00156,0.01134,0.00101,0.66389,0.25002
5,прирост доли здоровья,подтверждающая,lag_corr,регионы + типы,0.00149,0.01118,0.00146,0.66389,0.25002
5,прирост доли здоровья,подтверждающая,lag_corr,уровень + типы,0.00154,0.00037,0.00093,0.66389,0.25002
5,прирост доли здоровья,подтверждающая,corr_growth,типы,0.00156,0.00872,0.00093,0.31685,0.28979
5,прирост доли здоровья,подтверждающая,corr_growth,регионы + типы,0.00149,0.01006,0.00173,0.31685,0.28979
5,прирост доли здоровья,подтверждающая,corr_growth,уровень + типы,0.00155,0.0032,0.00095,0.31685,0.28979
5,прирост доли здоровья,подтверждающая,road_gravity,типы,0.00162,0.04838,0.00087,0.52903,0.27634
5,прирост доли здоровья,подтверждающая,road_gravity,регионы + типы,0.00157,0.0599,0.00216,0.52903,0.27634
5,прирост доли здоровья,подтверждающая,road_gravity,уровень + типы,0.00155,0.00632,0.00071,0.52903,0.27634
5,прирост доли транспорта,подтверждающая,без графа (s=0),типы,0.00241,0.0,0.0,0.41721,1.0
5,прирост доли транспорта,подтверждающая,без графа (s=0),регионы + типы,0.00229,0.0,0.0,0.41721,1.0
5,прирост доли транспорта,подтверждающая,без графа (s=0),уровень + типы,0.0024,0.0,0.0,0.41721,1.0
5,прирост доли транспорта,подтверждающая,cos_feat,типы,0.00242,0.00321,0.00035,0.42306,0.82492
5,прирост доли транспорта,подтверждающая,cos_feat,регионы + типы,0.00229,-0.001,0.00151,0.42306,0.82492
5,прирост доли транспорта,подтверждающая,cos_feat,уровень + типы,0.0024,0.00161,0.00034,0.42306,0.82492
5,прирост доли транспорта,подтверждающая,dtw,типы,0.0024,-0.00207,0.00028,0.41717,0.84885
5,прирост доли транспорта,подтверждающая,dtw,регионы + типы,0.00228,-0.00711,0.00115,0.41717,0.84885
5,прирост доли транспорта,подтверждающая,dtw,уровень + типы,0.00239,-0.00271,0.00035,0.41717,0.84885
5,прирост доли транспорта,подтверждающая,lag_corr,типы,0.00234,-0.02708,0.00068,0.66389,0.25002
5,прирост доли транспорта,подтверждающая,lag_corr,регионы + типы,0.00224,-0.02266,0.00148,0.66389,0.25002
5,прирост доли транспорта,подтверждающая,lag_corr,уровень + типы,0.0023,-0.04025,0.00085,0.66389,0.25002
5,прирост доли транспорта,подтверждающая,corr_growth,типы,0.00234,-0.02837,0.0009,0.31685,0.28979
5,прирост доли транспорта,подтверждающая,corr_growth,регионы + типы,0.00224,-0.02272,0.00224,0.31685,0.28979
5,прирост доли транспорта,подтверждающая,corr_growth,уровень + типы,0.00232,-0.0323,0.00074,0.31685,0.28979
5,прирост доли транспорта,подтверждающая,road_gravity,типы,0.00262,0.08964,0.00062,0.52903,0.27634
5,прирост доли транспорта,подтверждающая,road_gravity,регионы + типы,0.00247,0.07637,0.00147,0.52903,0.27634
5,прирост доли транспорта,подтверждающая,road_gravity,уровень + типы,0.00239,-0.00228,0.00037,0.52903,0.27634
