target,gamma,omega,K_first,K_last,churn,NMI_region,stab_ARI,SW,CH,S_Dbw,AVI,AVU,ANUI,MQ,z_SW,z_CH,z_S_Dbw,z_AVI,z_AVU,z_ANUI
5,0.248,0.05,4,4,0.08279006046863191,0.19490793866551312,0.8173776814198644,0.17114082861882088,358.9264932308176,0.8256601851421131,0.9412578710169527,0.05561162135317719,0.8944385934672444,3.8353082266504988,32.15564959645406,1009.8602766037875,20.050007772698688,142.89907583046178,107.50753935043565,172.87909946445163
5,0.248,0.2,4,4,0.06386999244142101,0.20647424940197706,0.9085760533229164,0.17269825128411126,356.64384996545033,0.8489736510930584,0.9381776682184044,0.05839918433675043,0.8894459808465168,3.834183221973637,28.20506545381551,1170.9823955358218,16.003739441392355,134.26930304757028,105.81903136948635,162.0475509817093
5,0.248,0.5,4,4,0.028132086167800455,0.2186932328245703,0.8407943400113148,0.14164076030299674,346.25779158897666,0.834351401008055,0.934542480615298,0.061000212025893674,0.8841400527034631,3.8168879412600902,28.15218045571017,914.9589878542123,16.643936266142248,153.4695346834095,84.77908362355284,185.5371099246366
7,0.365,0.05,7,7,0.19697184429327286,0.24937687101630304,0.6210174584135084,0.09692100384537493,242.90233508603464,0.7797231765107292,0.9025656691389287,0.08725313233867715,0.8366760250652819,6.4601712784980805,13.429597349308809,1074.3288666277265,18.70998239558217,172.22351320931298,98.1291759489743,191.44951665885694
7,0.365,0.2,6,6,0.11007180650037791,0.234372387636153,0.6085183673568361,0.11027463723698039,272.48185072379084,0.7425956075150778,0.9066285764029115,0.0859892889612102,0.8410593017002543,5.582355494502611,19.14526706862421,1261.2080604312114,15.033165977608697,159.9838491014807,99.32323503811897,177.70719462507404
7,0.365,0.5,6,8,0.04858749055177627,0.25843179071167144,0.7425079901530531,0.11497714974992294,207.93544149949116,0.6457389270073839,0.9083643260123626,0.08177257791822112,0.8455569536215325,7.338127416641638,17.463073605446592,1142.7221629491178,15.303764467627081,149.30301289888072,116.43738876936834,170.11475951983303
9,0.409,0.05,8,8,0.20290060468631893,0.21477455058363396,0.6544192859219222,0.04312785566131614,180.71066017044845,0.6342142466856233,0.9038609907429552,0.08339868836610026,0.8405031715407368,7.316751698560212,16.13444223614992,1233.9201666531626,26.218315721709946,155.65453416512568,104.26614570342029,165.24548589489575
9,0.409,0.2,8,9,0.10737906273620558,0.2595754306502829,0.7263123635948225,0.10461498627681164,199.47021884610618,0.6773031519288467,0.8923854180462054,0.09066204879676573,0.8255906053219935,8.173992921249885,15.822158885603608,1283.1359613580503,24.763922733123298,197.8619416107549,97.39371466437524,212.27793271097258
9,0.409,0.5,6,8,0.053453325774754354,0.24466426920175227,0.7402616525251258,0.10555137579985341,211.9733044340505,0.6506623860383788,0.8922107784685807,0.09649706808747957,0.8214844774334542,7.332369053406104,14.28906740155835,1017.5982669263077,18.224053733675323,142.76016539377056,88.62613262786796,156.26999205372613
