метод,K,J_среднее,J_мин,устойчивых_из
k-means,3,0.957,0.939,3/3
KEFRiNc,3,0.891,0.814,3/3
спектральный,3,0.948,0.909,3/3
k-means,4,0.852,0.686,3/4
KEFRiNc,4,0.891,0.796,4/4
спектральный,4,0.882,0.788,4/4
k-means,5,0.918,0.814,5/5
KEFRiNc,5,0.765,0.696,3/5
спектральный,5,0.67,0.488,1/5
k-means,6,0.876,0.795,6/6
KEFRiNc,6,0.692,0.495,2/6
спектральный,6,0.818,0.728,4/6
k-means,7,0.793,0.557,5/7
KEFRiNc,7,0.539,0.347,1/7
спектральный,7,0.735,0.403,4/7
k-means,8,0.765,0.506,6/8
KEFRiNc,8,0.696,0.461,2/8
спектральный,8,0.724,0.572,4/8
Leiden (срез),2,0.822,0.694,1/2
Leiden (срез),4,0.652,0.325,2/4
Leiden (срез),4,0.631,0.487,1/4
Leiden (срез),6,0.545,0.259,1/6
Leiden (срез),7,0.551,0.369,1/7
