K,индекс,семейство,истина,случайно_среднее,отношение,z,аналитика_(K-1)/(2K-3)
4,AVI_ref,эталон Pattern,0.8357,0.2475,3.3768,84.3537,
4,AVU_ref,эталон Pattern,0.6004,0.6,1.0006,3.5749,0.6
4,ANUI_ref,эталон Pattern,0.5565,0.2155,2.5828,64.3829,
4,MQ_ref,эталон Pattern,3.3427,0.9899,3.3768,84.3537,
4,AVI,вершинный,0.8363,0.2476,3.3774,79.0123,
4,AVU,вершинный,0.1033,0.3517,0.2936,-68.5996,
4,ANUI,вершинный,0.7698,0.2278,3.3798,84.5852,
4,MQ,вершинный,3.3427,0.9899,3.3768,84.3537,
4,Q,вершинный,0.5856,-0.0025,-232.9425,84.4295,
5,AVI_ref,эталон Pattern,0.7884,0.1955,4.0323,109.9272,
5,AVU_ref,эталон Pattern,0.5712,0.5714,0.9997,-1.5955,0.5714
5,ANUI_ref,эталон Pattern,0.5436,0.1759,3.0911,84.2429,
5,MQ_ref,эталон Pattern,3.9419,0.9776,4.0323,109.9272,
5,AVI,вершинный,0.7875,0.1954,4.0302,104.8572,
5,AVU,вершинный,0.1104,0.3109,0.3552,-64.9899,
5,ANUI,вершинный,0.7245,0.1842,3.9331,107.0509,
5,MQ,вершинный,3.9419,0.9776,4.0323,109.9272,
5,Q,вершинный,0.5884,-0.0045,-130.8326,109.7086,
6,AVI_ref,эталон Pattern,0.7471,0.1647,4.537,120.4021,
6,AVU_ref,эталон Pattern,0.5558,0.5556,1.0004,2.9212,0.5556
6,ANUI_ref,эталон Pattern,0.5279,0.1509,3.4993,93.0136,
6,MQ_ref,эталон Pattern,4.4828,0.988,4.537,120.4021,
6,AVI,вершинный,0.7496,0.1648,4.5472,116.1889,
6,AVU,вершинный,0.1137,0.2793,0.4072,-62.9504,
6,ANUI,вершинный,0.6907,0.1576,4.3831,115.0686,
6,MQ,вершинный,4.4828,0.988,4.537,120.4021,
6,Q,вершинный,0.5804,-0.002,-295.0059,120.7305,
