K,λ,churn,пребывание_мес,пребывание_цензура,J_по_кластерам,J_худший_кластер,устойчивых,SW,смен_за_период,ARI_к_базе
4,0.0,0.01393613000755858,22,True,0.907645865222343,0.8130457845000599,4/4,0.1781151000860354,0.06001984126984127,0.957207043046678
4,0.1,0.0055035903250188955,22,True,0.9090101321617254,0.8106440524745114,4/4,0.17812789872399684,0.050595238095238096,0.972774853292794
4,0.25,0.003330498866213152,22,True,0.9110720557658492,0.8157831484788278,4/4,0.178461186931293,0.04513888888888889,0.9778446603369298
4,0.5,0.002102229780801209,22,True,0.910325565415814,0.8057513740609286,4/4,0.17839179433095098,0.03521825396825397,1.0
4,1.0,0.0009212018140589569,22,True,0.9169731945545453,0.8223817793986236,4/4,0.17850967061070366,0.018353174603174604,0.9810718731777864
4,2.0,0.00035430839002267573,22,True,0.9165786183761304,0.8219193715020936,4/4,0.17861663803660985,0.00744047619047619,0.9617501583007128
5,0.0,0.027423469387755105,22,True,0.8715593246906101,0.7872384905150385,5/5,0.13966045301856042,0.08878968253968254,0.9133078942959676
5,0.1,0.011148904006046862,22,True,0.8707076770653666,0.7872436632672659,5/5,0.1408581719418507,0.07837301587301587,0.9444355329422103
5,0.25,0.005574452003023431,22,True,0.8714278663501102,0.780535270390519,5/5,0.14037063733033472,0.06498015873015874,0.9777054160388858
5,0.5,0.003070672713529856,22,True,0.8755942699511315,0.7923920644183264,5/5,0.13991655665976743,0.05009920634920635,1.0
5,1.0,0.0013463718820861678,22,True,0.8739733574559496,0.7959412675098421,5/5,0.13946572480298494,0.025297619047619048,0.959072726952609
5,2.0,0.00044879062736205593,22,True,0.8770689063645645,0.7985659080109134,5/5,0.1389365539505649,0.009424603174603174,0.9376953817692322
