метод,набор,агрегирование,место_медиана,место_p05,место_p95
k-means,6 индексов,порог,8.0,4.0,11.0
k-means,6 индексов,Борда,8.0,6.0,9.0
k-means,без AVU,порог,7.0,3.0,10.0
k-means,без AVU,Борда,6.0,4.0,7.0
k-means,без MQ,порог,8.0,3.0,11.0
k-means,без MQ,Борда,6.0,4.0,8.0
Ward,6 индексов,порог,11.0,10.0,12.0
Ward,6 индексов,Борда,11.0,10.0,12.0
Ward,без AVU,порог,12.0,11.0,13.0
Ward,без AVU,Борда,11.0,11.0,13.0
Ward,без MQ,порог,11.0,11.0,12.0
Ward,без MQ,Борда,11.0,11.0,12.0
GMM,6 индексов,порог,14.0,14.0,14.0
GMM,6 индексов,Борда,14.0,14.0,14.0
GMM,без AVU,порог,14.0,14.0,14.0
GMM,без AVU,Борда,14.0,14.0,14.0
GMM,без MQ,порог,14.0,14.0,14.0
GMM,без MQ,Борда,14.0,14.0,14.0
спектральный,6 индексов,порог,5.0,4.0,7.0
спектральный,6 индексов,Борда,1.0,1.0,1.0
спектральный,без AVU,порог,6.0,4.0,7.0
спектральный,без AVU,Борда,1.0,1.0,1.0
спектральный,без MQ,порог,6.0,5.0,7.0
спектральный,без MQ,Борда,1.0,1.0,1.0
Leiden (срезы),6 индексов,порог,7.0,6.0,10.0
Leiden (срезы),6 индексов,Борда,6.0,2.0,9.0
Leiden (срезы),без AVU,порог,8.0,7.0,11.0
Leiden (срезы),без AVU,Борда,9.0,4.0,11.0
Leiden (срезы),без MQ,порог,7.0,1.0,10.0
Leiden (срезы),без MQ,Борда,4.0,2.0,8.0
DMoN (срезы),6 индексов,порог,8.0,6.0,9.0
DMoN (срезы),6 индексов,Борда,4.0,2.0,6.0
DMoN (срезы),без AVU,порог,9.0,6.0,10.0
DMoN (срезы),без AVU,Борда,7.0,5.0,9.0
DMoN (срезы),без MQ,порог,9.0,6.0,9.0
DMoN (срезы),без MQ,Борда,8.0,5.0,9.0
KEFRiNe,6 индексов,порог,4.0,2.0,8.0
KEFRiNe,6 индексов,Борда,6.0,4.0,8.0
KEFRiNe,без AVU,порог,3.0,2.0,4.0
KEFRiNe,без AVU,Борда,3.0,2.0,5.0
KEFRiNe,без MQ,порог,3.0,1.0,8.0
KEFRiNe,без MQ,Борда,4.0,2.0,7.0
KEFRiNc,6 индексов,порог,1.0,1.0,6.0
KEFRiNc,6 индексов,Борда,2.0,2.0,3.0
KEFRiNc,без AVU,порог,2.0,1.0,6.0
KEFRiNc,без AVU,Борда,3.0,2.0,5.0
KEFRiNc,без MQ,порог,2.0,1.0,7.0
KEFRiNc,без MQ,Борда,3.0,2.0,5.0
KEFRiNm,6 индексов,порог,13.0,12.0,13.0
KEFRiNm,6 индексов,Борда,13.0,12.0,13.0
KEFRiNm,без AVU,порог,12.0,11.0,13.0
KEFRiNm,без AVU,Борда,12.0,11.0,13.0
KEFRiNm,без MQ,порог,13.0,12.0,13.0
KEFRiNm,без MQ,Борда,13.0,12.0,13.0
CANUS,6 индексов,порог,12.0,2.0,13.0
CANUS,6 индексов,Борда,12.0,4.0,13.0
CANUS,без AVU,порог,13.0,4.0,13.0
CANUS,без AVU,Борда,13.0,7.0,13.0
CANUS,без MQ,порог,12.0,1.0,13.0
CANUS,без MQ,Борда,12.0,2.0,13.0
KEFRiN (подобран: euclidean ρ=0.5 ξ=1),6 индексов,порог,2.0,1.0,3.0
KEFRiN (подобран: euclidean ρ=0.5 ξ=1),6 индексов,Борда,3.0,2.0,5.0
KEFRiN (подобран: euclidean ρ=0.5 ξ=1),без AVU,порог,1.0,1.0,3.0
KEFRiN (подобран: euclidean ρ=0.5 ξ=1),без AVU,Борда,2.0,2.0,3.0
KEFRiN (подобран: euclidean ρ=0.5 ξ=1),без MQ,порог,2.0,1.0,4.0
KEFRiN (подобран: euclidean ρ=0.5 ξ=1),без MQ,Борда,3.0,2.0,4.0
"CANUS (подобран: lr 1e-2, τ=2)",6 индексов,порог,7.0,4.0,11.0
"CANUS (подобран: lr 1e-2, τ=2)",6 индексов,Борда,9.0,5.0,11.0
"CANUS (подобран: lr 1e-2, τ=2)",без AVU,порог,8.0,4.0,11.0
"CANUS (подобран: lr 1e-2, τ=2)",без AVU,Борда,9.0,6.0,11.0
"CANUS (подобран: lr 1e-2, τ=2)",без MQ,порог,7.0,4.0,9.0
"CANUS (подобран: lr 1e-2, τ=2)",без MQ,Борда,9.0,6.0,10.0
"GS-TKM (наш, K=5)",6 индексов,порог,3.0,2.0,5.0
"GS-TKM (наш, K=5)",6 индексов,Борда,5.0,4.0,7.0
"GS-TKM (наш, K=5)",без AVU,порог,4.0,1.0,5.0
"GS-TKM (наш, K=5)",без AVU,Борда,5.0,3.0,6.0
"GS-TKM (наш, K=5)",без MQ,порог,5.0,3.0,6.0
"GS-TKM (наш, K=5)",без MQ,Борда,6.0,4.0,9.0
k-means общий + Витерби λ=0.5,6 индексов,порог,10.0,9.0,11.0
k-means общий + Витерби λ=0.5,6 индексов,Борда,10.0,9.0,11.0
k-means общий + Витерби λ=0.5,без AVU,порог,9.0,7.0,11.0
k-means общий + Витерби λ=0.5,без AVU,Борда,9.0,8.0,10.0
k-means общий + Витерби λ=0.5,без MQ,порог,10.0,10.0,11.0
k-means общий + Витерби λ=0.5,без MQ,Борда,10.0,10.0,11.0
