метод,K,порог: 6 индексов,Борда: 6 индексов,оценки: 6 индексов,порог: без AVU,Борда: без AVU,оценки: без AVU,порог: без MQ,Борда: без MQ,оценки: без MQ,порог: 6 индексов + динамика,Борда: 6 индексов + динамика,оценки: 6 индексов + динамика,худшее_место,лучшее_место,доля_в_первой_двойке
KEFRiNe,5.0,3,4,112222,3,3,11222,3,4,11222,1,2,11222211,4,1,0.25
KEFRiNe (сеть z),5.0,1,1,212111,1,1,21211,1,2,21211,6,5,21211132,6,1,0.75
"GS-TKM (наш, K=5)",5.0,4,6,112222,5,6,11222,5,7,11222,2,2,11222211,7,2,0.25
KEFRiNc (сеть z),5.0,2,3,221111,2,4,22111,2,5,22111,7,8,22111132,8,2,0.375
спектральный,5.0,7,2,231111,7,2,23111,9,3,23111,5,1,23111122,9,1,0.375
KEFRiN (подобран: euclidean ρ=0.5 ξ=1),5.0,5,9,112222,4,5,11222,6,8,11222,3,7,11222211,9,3,0.0
DMoN (срезы),5.0,10,6,331111,11,9,33111,11,11,33111,11,10,33111123,11,6,0.0
Leiden мультислой ω=0.2,4.0,11,5,123113,12,10,12313,8,1,12311,8,6,12311311,12,1,0.125
k-means,5.0,12,10,113232,8,7,11322,12,9,11323,9,4,11323211,12,4,0.0
KEFRiNc,5.0,8,8,321221,9,8,32121,10,10,32122,12,12,32122133,12,8,0.0
"CANUS (подобран: lr 1e-2, τ=2)",5.0,6,12,222212,6,12,22222,7,11,22221,4,11,22221222,12,4,0.0
Leiden (срезы),4.9,9,10,222113,10,13,22213,4,6,22211,10,12,22211323,13,4,0.0
k-means общий + Витерби λ=2,5.0,14,13,113333,14,11,11333,14,13,11333,13,9,11333311,14,9,0.0
Ward,5.0,13,14,233122,13,17,23312,13,14,23312,16,17,23312233,17,13,0.0
KEFRiNm,5.0,15,15,113333,17,16,11333,15,14,11333,14,14,11333322,17,14,0.0
паттерны (соседние оси),28.7,17,16,331331,15,14,33131,17,17,33133,18,18,33133133,18,14,0.0
CANUS,5.0,18,18,331323,18,18,33133,16,16,33132,15,16,33132322,18,15,0.0
GMM,5.0,19,19,323333,19,19,32333,19,19,32333,17,15,32333311,19,15,0.0
паттерны (полный порядок),405.1,16,16,331331,16,15,33131,18,18,33133,19,19,33133133,19,15,0.0
