цель,модель,параметров,MAE,MAE/среднее
прирост log расходов,только среднее,1,0.027041297546474777,1.0
прирост log расходов,регионы,73,0.023066349357644997,0.8530045319756495
прирост log расходов,типы,4,0.023558613745428572,0.8712087023538475
прирост log расходов,уровень,2,0.02483794576965583,0.9185190069732365
прирост log расходов,уровень + регионы,74,0.021387875256688112,0.7909337641779076
прирост log расходов,уровень + типы,5,0.023558289460056874,0.871196710127101
прирост log расходов,регионы + типы,76,0.021642907636549028,0.8003649824625554
прирост доли маркетплейсов,только среднее,1,0.010421681167730297,1.0
прирост доли маркетплейсов,регионы,73,0.007911571278278788,0.759145396116721
прирост доли маркетплейсов,типы,4,0.008046449935922457,0.7720875170157279
прирост доли маркетплейсов,уровень,2,0.006901478071124055,0.662223105854917
прирост доли маркетплейсов,уровень + регионы,74,0.006343929226873952,0.6087241707717274
прирост доли маркетплейсов,уровень + типы,5,0.006760836884024962,0.6487280483075248
прирост доли маркетплейсов,регионы + типы,76,0.006981795704826104,0.6699298887059165
