месяц,нулевая,индекс,значение,z,p
2023-03,labels,SW,0.17660647510178495,27.16856209900345,0.000999000999000999
2023-03,labels,CH,398.0056279461547,1221.0006285118757,0.000999000999000999
2023-03,labels,S_Dbw,0.9245618299858255,5.443994086233576,0.000999000999000999
2023-03,labels,AVI,0.9061510582702198,113.89429649178474,0.000999000999000999
2023-03,labels,AVU,0.09173662779728047,87.4803549507048,0.000999000999000999
2023-03,labels,ANUI,0.8366062848675911,135.76747646609013,0.000999000999000999
2023-03,labels,MQ,3.7000696262231756,114.44554941887058,0.000999000999000999
2023-03,labels,Q,0.620354816045645,103.84708408648528,0.000999000999000999
2023-03,region,SW,0.17660647510178495,67.0623638536699,0.000999000999000999
2023-03,region,CH,398.0056279461547,73.88432405748799,0.000999000999000999
2023-03,region,S_Dbw,0.9245618299858255,7.103286337354409,0.000999000999000999
2023-03,region,AVI,0.9061510582702198,69.02235069903082,0.000999000999000999
2023-03,region,AVU,0.09173662779728047,64.1927683048101,0.000999000999000999
2023-03,region,ANUI,0.8366062848675911,87.9830415390278,0.000999000999000999
2023-03,region,MQ,3.7000696262231756,34.29469879821447,0.000999000999000999
2023-03,region,Q,0.620354816045645,36.935564033763114,0.000999000999000999
2023-03,config,AVI,0.9061510582702198,99.48272120773257,0.000999000999000999
2023-03,config,AVU,0.09173662779728047,73.50195431584,0.000999000999000999
2023-03,config,ANUI,0.8366062848675911,116.71695084789755,0.000999000999000999
2023-03,config,MQ,3.7000696262231756,118.55145474699525,0.000999000999000999
2023-03,config,Q,0.620354816045645,104.51237386185049,0.000999000999000999
2024-02,labels,SW,0.17840152564101688,24.992133880790913,0.000999000999000999
2024-02,labels,CH,406.77916828988435,1207.2808839313416,0.000999000999000999
2024-02,labels,S_Dbw,0.895526103238939,7.202874748651185,0.000999000999000999
2024-02,labels,AVI,0.9100406514819993,115.75679502954266,0.000999000999000999
2024-02,labels,AVU,0.08711203083428387,88.13674806777001,0.000999000999000999
2024-02,labels,ANUI,0.8431958851198275,138.8895533138665,0.000999000999000999
2024-02,labels,MQ,3.699181244524304,111.41187936104106,0.000999000999000999
2024-02,labels,Q,0.6167290815088023,99.33329740879434,0.000999000999000999
2024-02,region,SW,0.17840152564101688,70.53834494377749,0.000999000999000999
2024-02,region,CH,406.77916828988435,71.91159076032379,0.000999000999000999
2024-02,region,S_Dbw,0.895526103238939,2.952541195541618,0.000999000999000999
2024-02,region,AVI,0.9100406514819993,68.79134998850922,0.000999000999000999
2024-02,region,AVU,0.08711203083428387,65.54255144135902,0.000999000999000999
2024-02,region,ANUI,0.8431958851198275,88.35212078504982,0.000999000999000999
2024-02,region,MQ,3.699181244524304,34.07211013420121,0.000999000999000999
2024-02,region,Q,0.6167290815088023,38.08212634289314,0.000999000999000999
2024-02,config,AVI,0.9100406514819993,101.62888081259226,0.000999000999000999
2024-02,config,AVU,0.08711203083428387,77.29044366935446,0.000999000999000999
2024-02,config,ANUI,0.8431958851198275,120.39600672320387,0.000999000999000999
2024-02,config,MQ,3.699181244524304,113.8911067438812,0.000999000999000999
2024-02,config,Q,0.6167290815088023,105.05135443371327,0.000999000999000999
2024-12,labels,SW,0.18016738225005116,24.935834715634854,0.000999000999000999
2024-12,labels,CH,412.5715897568471,1220.3646120359663,0.000999000999000999
2024-12,labels,S_Dbw,0.8920076064575583,7.596276864463873,0.000999000999000999
2024-12,labels,AVI,0.9076599159701597,106.54220989323807,0.000999000999000999
2024-12,labels,AVU,0.08959774087499901,84.93433956850906,0.000999000999000999
2024-12,labels,ANUI,0.8393965940428176,127.67871267616714,0.000999000999000999
2024-12,labels,MQ,3.6955128740527585,108.86880943778311,0.000999000999000999
2024-12,labels,Q,0.613048391864209,96.8953464158807,0.000999000999000999
2024-12,region,SW,0.18016738225005116,68.73986243546202,0.000999000999000999
2024-12,region,CH,412.5715897568471,71.93483106189277,0.000999000999000999
2024-12,region,S_Dbw,0.8920076064575583,8.31527316872079,0.000999000999000999
2024-12,region,AVI,0.9076599159701597,69.54297597040406,0.000999000999000999
2024-12,region,AVU,0.08959774087499901,64.45442425504055,0.000999000999000999
2024-12,region,ANUI,0.8393965940428176,88.54727645687043,0.000999000999000999
2024-12,region,MQ,3.6955128740527585,34.596701778339906,0.000999000999000999
2024-12,region,Q,0.613048391864209,36.483610994285584,0.000999000999000999
2024-12,config,AVI,0.9076599159701597,98.18036105922542,0.000999000999000999
2024-12,config,AVU,0.08959774087499901,76.21820999584048,0.000999000999000999
2024-12,config,ANUI,0.8393965940428176,116.2849446377595,0.000999000999000999
2024-12,config,MQ,3.6955128740527585,107.32657311429405,0.000999000999000999
2024-12,config,Q,0.613048391864209,98.48243993442,0.000999000999000999
