метод,конфигурация,SW,AVI,Q,ARI_при_шуме,размеры,секунд,lr,epochs,tau,rho,zeta,rule,metric,xi,средний_ранг,выбран,по_умолчанию
CANUS,по умолчанию,0.117,0.8313,0.5469,0.7772,"[406, 280, 517, 663, 150]",211,0.001,300.0,1.0,1.0,1.0,vanilla_filtered,,,6.5,False,True
CANUS,lr 1e-2,0.1143,0.8365,0.5567,0.784,"[429, 278, 450, 648, 211]",202,0.01,300.0,1.0,1.0,1.0,vanilla_filtered,,,6.0,False,False
CANUS,lr 1e-1,0.1111,0.8509,0.5961,0.6726,"[412, 249, 566, 561, 228]",203,0.1,300.0,1.0,1.0,1.0,vanilla_filtered,,,5.0,False,False
CANUS,"lr 1e-2, 1000 эпох",0.1162,0.851,0.5679,0.7813,"[466, 251, 449, 642, 208]",664,0.01,1000.0,1.0,1.0,1.0,vanilla_filtered,,,4.25,False,False
CANUS,"lr 1e-2, τ=2",0.1337,0.8586,0.5718,0.8453,"[222, 263, 561, 651, 319]",200,0.01,300.0,2.0,1.0,1.0,vanilla_filtered,,,1.5,True,False
CANUS,"lr 1e-2, ρ:ζ=1:0.5",0.1244,0.8378,0.5593,0.7627,"[419, 260, 478, 648, 211]",199,0.01,300.0,1.0,1.0,0.5,vanilla_filtered,,,5.25,False,False
CANUS,"lr 1e-2, ρ:ζ=0.5:1",0.1089,0.8445,0.559,0.8365,"[404, 281, 484, 650, 197]",199,0.01,300.0,1.0,0.5,1.0,vanilla_filtered,,,5.25,False,False
CANUS,Adam lr 1e-2,0.1282,0.8553,0.5804,0.7938,"[371, 274, 541, 618, 212]",12,0.01,300.0,1.0,1.0,1.0,adam,,,2.25,False,False
KEFRiN,euclidean ρ=1 ξ=1,0.15,0.8462,0.6513,0.855,"[460, 522, 231, 115, 688]",27,,,,1.0,,,euclidean,1.0,6.25,False,False
KEFRiN,euclidean ρ=1 ξ=0.5,0.1501,0.8432,0.6486,0.8559,"[463, 236, 690, 117, 510]",23,,,,1.0,,,euclidean,0.5,6.25,False,False
KEFRiN,euclidean ρ=0.5 ξ=1,0.152,0.8491,0.6529,0.9118,"[713, 458, 108, 514, 223]",26,,,,0.5,,,euclidean,1.0,2.5,True,False
KEFRiN,euclidean ρ=1 ξ=2,0.152,0.8491,0.6529,0.9118,"[713, 458, 108, 514, 223]",26,,,,1.0,,,euclidean,2.0,2.5,True,False
KEFRiN,euclidean ρ=2 ξ=1,0.1501,0.8432,0.6486,0.8559,"[463, 236, 690, 117, 510]",23,,,,2.0,,,euclidean,1.0,6.25,False,False
KEFRiN,cosine ρ=1 ξ=1,0.1116,0.8483,0.6203,0.7474,"[591, 404, 232, 496, 293]",7,,,,1.0,,,cosine,1.0,8.25,False,True
KEFRiN,cosine ρ=1 ξ=0.5,0.1368,0.8511,0.6528,0.8682,"[689, 348, 370, 379, 230]",7,,,,1.0,,,cosine,0.5,4.25,False,False
KEFRiN,cosine ρ=0.5 ξ=1,0.1056,0.8525,0.6406,0.669,"[447, 554, 320, 265, 430]",7,,,,0.5,,,cosine,1.0,7.25,False,False
KEFRiN,cosine ρ=1 ξ=2,0.1056,0.8525,0.6406,0.669,"[447, 554, 320, 265, 430]",7,,,,1.0,,,cosine,2.0,7.25,False,False
KEFRiN,cosine ρ=2 ξ=1,0.1368,0.8511,0.6528,0.8682,"[689, 348, 370, 379, 230]",7,,,,2.0,,,cosine,1.0,4.25,False,False
