название_типа,n,доля_пограничных,уверенность_средняя,запас_средний,доля_месяцев_в_типе,K
Индустриальные и средние города,623,0.0562,0.9627,0.3015,0.9886,4
Малые сельские МО,972,0.0535,0.9719,0.4316,0.9868,4
Ресурсный Север и Дальний Восток,103,0.0971,0.939,0.3725,0.9929,4
Столичные агломерации,318,0.0377,0.9777,0.4281,0.9873,4
Индустриальные города и пригороды,496,0.0746,0.9487,0.3623,0.9874,5
Малые города и районы со смешанной экономикой,496,0.131,0.9072,0.2295,0.9745,5
Малые сельские МО,676,0.0503,0.9584,0.3244,0.979,5
Ресурсный Север и Дальний Восток,113,0.1947,0.8675,0.3428,0.9859,5
Столичные агломерации,235,0.0468,0.9676,0.4341,0.9919,5
