months,tid,fold,agreement,margin,selected
6,1002,0,False,0.08798216849192148,False
6,1005,0,False,0.24817038844330183,True
6,1051,0,False,0.13610145184467948,False
6,1141,0,True,0.24042481335053714,True
6,1143,0,True,0.52076460376002,True
6,1149,0,True,0.1834801474423957,True
6,1174,0,True,0.17980148931988246,True
6,1507,0,True,0.001166932307066365,False
6,1521,0,True,0.11026920649056077,False
6,1727,0,True,0.41771013320758377,True
6,201,0,False,0.04807703540051322,False
6,2168,0,False,0.3303912758316952,True
6,2169,0,True,0.8272469483016153,True
6,2181,0,True,0.6009480463281067,True
6,2183,0,True,0.5253132742335921,True
6,2279,0,True,0.39260307850987847,True
6,2296,0,True,0.7516842590945885,True
6,2305,0,True,0.13091483544759527,False
6,2308,0,True,0.3441756353866374,True
6,273,0,True,0.10364722561236771,False
6,276,0,True,0.4053049065569694,True
6,277,0,False,0.04500652742290826,False
6,282,0,False,0.25636831410026034,True
6,341,0,True,0.5589191054163064,True
6,531,0,False,0.41976980088114973,True
6,539,0,True,0.7429956482890373,True
6,547,0,True,0.41139191696163413,True
6,552,0,False,0.3585570545213004,True
6,555,0,True,0.5106188758650303,True
6,556,0,True,0.584399969516796,True
6,572,0,True,0.12708965947910897,False
6,775,0,True,0.48527045285275405,True
6,779,0,True,0.5363199043608814,True
6,789,0,False,0.2684069940632175,True
6,796,0,True,0.24667271444286099,True
6,803,0,True,0.555382512241013,True
6,903,0,True,0.40373895325538595,True
6,908,0,True,0.41932208082232153,True
6,996,0,True,0.3011581805045944,True
9,1002,0,False,0.14002186065575603,False
9,1005,0,False,0.24083060817515609,True
9,1051,0,False,0.11894174574149335,False
9,1141,0,True,0.25210459244839245,True
9,1143,0,True,0.5660179562679797,True
9,1149,0,True,0.19887471209610666,True
9,1174,0,True,0.208579014763004,True
9,1507,0,False,0.014463489393848339,False
9,1521,0,True,0.1251623914949635,False
9,1727,0,True,0.3785347056618669,True
9,201,0,False,0.045984973597320636,False
9,2168,0,False,0.33989650718587416,True
9,2169,0,True,0.789193100875768,True
9,2181,0,True,0.69939224149462,True
9,2183,0,True,0.48954418542320544,True
9,2279,0,True,0.25774166205669724,True
9,2296,0,True,0.6577933075461386,True
9,2305,0,True,0.42231096754645236,True
9,2308,0,True,0.37104184285913977,True
9,273,0,True,0.16956689468063676,True
9,276,0,True,0.41719880576876656,True
9,277,0,False,0.027312003855382037,False
9,282,0,False,0.1593108101587179,True
9,341,0,True,0.6005757814485858,True
9,531,0,False,0.4575135829938695,True
9,539,0,True,0.8256887113791511,True
9,547,0,True,0.6235216862528045,True
9,552,0,False,0.04867341219222425,False
9,555,0,True,0.5334411242308276,True
9,556,0,True,0.5393963038916856,True
9,572,0,True,0.2301235826016801,True
9,775,0,True,0.4439711342141532,True
9,779,0,True,0.4966478120637766,True
9,789,0,False,0.18769240757696465,True
9,796,0,True,0.21623633583760854,True
9,803,0,True,0.583430679058693,True
9,903,0,True,0.47384627769788834,True
9,908,0,True,0.420046663652532,True
9,996,0,True,0.29400383258513374,True
12,1002,0,False,0.1554220217143392,True
12,1005,0,False,0.1923313445710362,True
12,1051,0,False,0.031686361298856804,False
12,1141,0,True,0.24537342401549653,True
12,1143,0,True,0.6216903713171938,True
12,1149,0,True,0.19074691180371597,True
12,1174,0,True,0.3426433953365609,True
12,1507,0,False,0.036293393463242396,False
12,1521,0,True,0.13884601525854956,False
12,1727,0,True,0.3886379317749212,True
12,201,0,True,0.01961700450245003,False
12,2168,0,False,0.257353258454353,True
12,2169,0,True,0.7655461436189301,True
12,2181,0,True,0.731205547768272,True
12,2183,0,True,0.47571843240583744,True
12,2279,0,True,0.47004264901039544,True
12,2296,0,True,0.5377884951275926,True
12,2305,0,True,0.5945146068009929,True
12,2308,0,True,0.36837692433154845,True
12,273,0,True,0.1923544977439601,True
12,276,0,True,0.3983235102231634,True
12,277,0,True,0.007559628686344182,False
12,282,0,False,0.0022694889806826363,False
12,341,0,True,0.6267214508525877,True
12,531,0,False,0.2815641027218938,True
12,539,0,True,0.7646781703441535,True
12,547,0,True,0.6982084934870861,True
12,552,0,False,0.09960816746274034,False
12,555,0,True,0.6637717240620429,True
12,556,0,True,0.44454667488994226,True
12,572,0,True,0.43039828762942445,True
12,775,0,True,0.4048662972280506,True
12,779,0,True,0.4127104784031527,True
12,789,0,False,0.1015693055768072,False
12,796,0,True,0.21239496313165201,True
12,803,0,True,0.4299577547109489,True
12,903,0,True,0.4811708815390256,True
12,908,0,True,0.4385326238639572,True
12,996,0,True,0.2359946594045003,True
18,1002,0,False,0.1554220217143392,True
18,1005,0,False,0.1923313445710362,True
18,1051,0,False,0.031686361298856804,False
18,1141,0,True,0.24537342401549653,True
18,1143,0,True,0.6216903713171938,True
18,1149,0,True,0.19074691180371597,True
18,1174,0,True,0.3426433953365609,True
18,1507,0,False,0.036293393463242396,False
18,1521,0,True,0.13884601525854956,False
18,1727,0,True,0.3886379317749212,True
18,201,0,True,0.01961700450245003,False
18,2168,0,False,0.257353258454353,True
18,2169,0,True,0.7655461436189301,True
18,2181,0,True,0.731205547768272,True
18,2183,0,True,0.47571843240583744,True
18,2279,0,True,0.47004264901039544,True
18,2296,0,True,0.5377884951275926,True
18,2305,0,True,0.5945146068009929,True
18,2308,0,True,0.36837692433154845,True
18,273,0,True,0.1923544977439601,True
18,276,0,True,0.3983235102231634,True
18,277,0,True,0.007559628686344182,False
18,282,0,False,0.0022694889806826363,False
18,341,0,True,0.6267214508525877,True
18,531,0,False,0.2815641027218938,True
18,539,0,True,0.7646781703441535,True
18,547,0,True,0.6982084934870861,True
18,552,0,False,0.09960816746274034,False
18,555,0,True,0.6637717240620429,True
18,556,0,True,0.44454667488994226,True
18,572,0,True,0.43039828762942445,True
18,775,0,True,0.4048662972280506,True
18,779,0,True,0.4127104784031527,True
18,789,0,False,0.1015693055768072,False
18,796,0,True,0.21239496313165201,True
18,803,0,True,0.4299577547109489,True
18,903,0,True,0.4811708815390256,True
18,908,0,True,0.4385326238639572,True
18,996,0,True,0.2359946594045003,True
6,1184,1,False,0.05516914146579679,False
6,1189,1,True,0.2735817249146278,True
6,1194,1,True,0.33716769462273904,True
6,1305,1,True,0.51282976183547,True
6,1306,1,True,0.4150817949622352,True
6,1313,1,True,0.4769417336711354,True
6,1642,1,True,0.5738694436416178,True
6,1643,1,True,0.6741041641110932,True
6,1650,1,True,0.05984399528777473,False
6,1662,1,True,0.3556184659318141,True
6,1664,1,True,0.3499361841440492,True
6,1738,1,True,0.2314901985211409,True
6,1754,1,True,0.37735694969647215,True
6,1755,1,True,0.15098776747805367,True
6,1760,1,True,0.07889436693472715,False
6,1764,1,True,0.78968325350543,True
6,1770,1,True,0.6599525268441309,True
6,1773,1,True,0.5737391055358709,True
6,1785,1,True,0.28965488658053107,True
6,1878,1,True,0.27566172417120216,True
6,1888,1,False,0.1862563817715214,True
6,1892,1,True,0.6417872535122879,True
6,1895,1,False,0.10405421209921242,False
6,1909,1,True,0.5573848661565143,True
6,1975,1,True,0.4881332592844286,True
6,1979,1,True,0.5801926784416653,True
6,1982,1,False,0.06731683629332857,False
6,1989,1,True,0.34330850375652716,True
6,1992,1,True,0.4090582890912555,True
6,2024,1,False,0.21419144051621974,True
6,2031,1,True,0.4557308167366358,True
6,2042,1,True,0.09431950818883345,False
6,2043,1,True,0.23059850030901147,True
6,2200,1,True,0.14414488238978912,False
6,2208,1,True,0.18525351292713518,True
6,2245,1,True,0.07702609460745476,False
6,2338,1,True,0.16950370847489454,True
6,2339,1,False,0.19897047472186147,True
6,2885,1,False,0.07075519946873116,False
6,303,1,True,0.36846899933804445,True
6,348,1,True,0.11939548716483243,False
6,727,1,True,0.663930805422247,True
6,746,1,True,0.34636061570690146,True
6,747,1,True,0.23684485068555894,True
6,769,1,True,0.5248403556275415,True
6,773,1,False,0.16126021334921578,True
6,842,1,True,0.5488611455294099,True
6,844,1,True,0.12186638506919656,False
6,860,1,True,0.45168176179792546,True
9,1184,1,False,0.02669701438831565,False
9,1189,1,True,0.2890661474300411,True
9,1194,1,True,0.3495898087336241,True
9,1305,1,True,0.466538688514966,True
9,1306,1,True,0.30252737602337265,True
9,1313,1,True,0.5073030242199728,True
9,1642,1,True,0.6036153946053208,True
9,1643,1,True,0.6684156121691205,True
9,1650,1,True,0.10668919648936553,False
9,1662,1,True,0.3569512981510711,True
9,1664,1,True,0.4958681853789706,True
9,1738,1,True,0.11675225087994186,False
9,1754,1,True,0.30060923201993045,True
9,1755,1,True,0.23939198809035742,True
9,1760,1,True,0.051784148361289306,False
9,1764,1,True,0.8408728244542931,True
9,1770,1,True,0.6431130492923822,True
9,1773,1,True,0.5812853823490628,True
9,1785,1,True,0.2728496831778724,True
9,1878,1,True,0.22581783199103053,True
9,1888,1,False,0.20844002473613882,True
9,1892,1,True,0.7065048522342607,True
9,1895,1,False,0.07795960625302516,False
9,1909,1,True,0.5437608643737712,True
9,1975,1,True,0.5685726658278341,True
9,1979,1,True,0.6183615018964631,True
9,1982,1,False,0.05216133562594477,False
9,1989,1,True,0.32262409432241623,True
9,1992,1,True,0.3226430432965926,True
9,2024,1,False,0.0581593127491182,False
9,2031,1,True,0.41260343986984527,True
9,2042,1,True,0.025663273505550522,False
9,2043,1,True,0.3906058887711803,True
9,2200,1,True,0.16127721212166285,True
9,2208,1,True,0.15532785122370404,True
9,2245,1,True,0.12184132419573553,False
9,2338,1,True,0.14137612598314384,False
9,2339,1,False,0.15119211568302518,True
9,2885,1,False,0.07154505020742222,False
9,303,1,True,0.30401460093804356,True
9,348,1,True,0.13549215280434757,False
9,727,1,True,0.6441021050029572,True
9,746,1,True,0.37813202678949953,True
9,747,1,True,0.2375341007397487,True
9,769,1,True,0.5249134761702248,True
9,773,1,False,0.17752829809645726,True
9,842,1,True,0.5022592912442597,True
9,844,1,True,0.14775657598049918,False
9,860,1,True,0.26662595490042784,True
12,1184,1,False,0.04802011151967808,False
12,1189,1,True,0.2327633953173143,True
12,1194,1,True,0.17228794641719772,True
12,1305,1,True,0.36612156482682334,True
12,1306,1,True,0.06910329481438716,False
12,1313,1,True,0.5746488351916491,True
12,1642,1,True,0.6260182183748819,True
12,1643,1,True,0.5293501547642999,True
12,1650,1,True,0.2640136672253307,True
12,1662,1,True,0.32752408826272694,True
12,1664,1,True,0.5389394184270364,True
12,1738,1,True,0.021877608707072768,False
12,1754,1,True,0.4539613336080922,True
12,1755,1,True,0.5686497167095721,True
12,1760,1,True,0.06853260390403239,False
12,1764,1,True,0.8354443631745134,True
12,1770,1,True,0.6656539950799322,True
12,1773,1,True,0.6180312694213955,True
12,1785,1,True,0.19256421119290867,True
12,1878,1,True,0.1639564458843216,True
12,1888,1,True,0.000288216329793173,False
12,1892,1,True,0.721956034477204,True
12,1895,1,False,0.08982835446560486,False
12,1909,1,True,0.5860638568981367,True
12,1975,1,True,0.46953356822520537,True
12,1979,1,True,0.5881791703378132,True
12,1982,1,True,0.0008972216013692171,False
12,1989,1,True,0.29301679398302866,True
12,1992,1,True,0.3471587373553533,True
12,2024,1,True,0.02883242331433833,False
12,2031,1,True,0.32096315646184853,True
12,2042,1,False,0.053570242043560284,False
12,2043,1,True,0.5720746616253477,True
12,2200,1,True,0.11553924013892417,False
12,2208,1,True,0.16751665721510106,True
12,2245,1,True,0.12374141645502099,False
12,2338,1,True,0.07733356094283242,False
12,2339,1,False,0.38336827456248485,True
12,2885,1,False,0.05568146858112257,False
12,303,1,True,0.5797531536857901,True
12,348,1,True,0.13257139083926248,False
12,727,1,True,0.6217554573683085,True
12,746,1,True,0.6815984096033547,True
12,747,1,True,0.29056910383675005,True
12,769,1,True,0.6126029236955826,True
12,773,1,False,0.2882572546947099,True
12,842,1,True,0.4305041689793741,True
12,844,1,True,0.26329147998215136,True
12,860,1,True,0.19110601134997396,True
18,1184,1,False,0.04802011151967808,False
18,1189,1,True,0.2327633953173143,True
18,1194,1,True,0.17228794641719772,True
18,1305,1,True,0.36612156482682334,True
18,1306,1,True,0.06910329481438716,False
18,1313,1,True,0.5746488351916491,True
18,1642,1,True,0.6260182183748819,True
18,1643,1,True,0.5293501547642999,True
18,1650,1,True,0.2640136672253307,True
18,1662,1,True,0.32752408826272694,True
18,1664,1,True,0.5389394184270364,True
18,1738,1,True,0.021877608707072768,False
18,1754,1,True,0.4539613336080922,True
18,1755,1,True,0.5686497167095721,True
18,1760,1,True,0.06853260390403239,False
18,1764,1,True,0.8354443631745134,True
18,1770,1,True,0.6656539950799322,True
18,1773,1,True,0.6180312694213955,True
18,1785,1,True,0.19256421119290867,True
18,1878,1,True,0.1639564458843216,True
18,1888,1,True,0.000288216329793173,False
18,1892,1,True,0.721956034477204,True
18,1895,1,False,0.08982835446560486,False
18,1909,1,True,0.5860638568981367,True
18,1975,1,True,0.46953356822520537,True
18,1979,1,True,0.5881791703378132,True
18,1982,1,True,0.0008972216013692171,False
18,1989,1,True,0.29301679398302866,True
18,1992,1,True,0.3471587373553533,True
18,2024,1,True,0.02883242331433833,False
18,2031,1,True,0.32096315646184853,True
18,2042,1,False,0.053570242043560284,False
18,2043,1,True,0.5720746616253477,True
18,2200,1,True,0.11553924013892417,False
18,2208,1,True,0.16751665721510106,True
18,2245,1,True,0.12374141645502099,False
18,2338,1,True,0.07733356094283242,False
18,2339,1,False,0.38336827456248485,True
18,2885,1,False,0.05568146858112257,False
18,303,1,True,0.5797531536857901,True
18,348,1,True,0.13257139083926248,False
18,727,1,True,0.6217554573683085,True
18,746,1,True,0.6815984096033547,True
18,747,1,True,0.29056910383675005,True
18,769,1,True,0.6126029236955826,True
18,773,1,False,0.2882572546947099,True
18,842,1,True,0.4305041689793741,True
18,844,1,True,0.26329147998215136,True
18,860,1,True,0.19110601134997396,True
6,1276,2,False,0.10527629752862709,False
6,1285,2,True,0.5874688103604346,True
6,1335,2,True,0.5118954771416783,True
6,1339,2,True,0.2067631307105095,True
6,1347,2,True,0.26469907949701055,True
6,1355,2,True,0.5706931185314387,True
6,1358,2,True,0.7251493759454539,True
6,1430,2,True,0.03517570244555618,False
6,1860,2,True,0.31715631497250624,True
6,1962,2,True,0.49318284153274083,True
6,2109,2,True,0.2430918107128074,True
6,2110,2,False,0.06922742484075542,False
6,2235,2,True,0.12422442971033251,False
6,233,2,False,0.27302983337932696,True
6,239,2,True,0.4304941881699062,True
6,27,2,True,0.863749161626409,True
6,30,2,True,0.3643236886533846,True
6,34,2,True,0.04970362864456607,False
6,44,2,True,0.5663373256351969,True
6,451,2,True,0.4450051678377155,True
6,459,2,True,0.16487436102455738,True
6,46,2,True,0.5644448314399324,True
6,580,2,True,0.030275730068563857,False
6,587,2,True,0.153571092309986,True
6,592,2,True,0.4434390242909572,True
6,595,2,True,0.3591841692218074,True
6,598,2,True,0.2968290519011867,True
6,60,2,True,0.19409944785885938,True
6,600,2,False,0.4367642618569874,True
6,601,2,False,0.16032787663266215,True
6,81,2,True,0.7496967931917046,True
6,82,2,True,0.5711926753527267,True
6,821,2,True,0.12441914857192563,False
6,824,2,True,0.834796178830379,True
6,83,2,False,0.34500063047237156,True
6,830,2,True,0.43505493688801394,True
6,840,2,True,0.09536787039211811,False
6,874,2,False,0.24636566693511108,True
9,1276,2,False,0.017583671701140696,False
9,1285,2,True,0.6881305906327615,True
9,1335,2,True,0.5167494399110568,True
9,1339,2,True,0.24298904745126088,True
9,1347,2,True,0.2707060065856737,True
9,1355,2,True,0.5528372274686827,True
9,1358,2,True,0.654577461944212,True
9,1430,2,True,0.07062412277610956,False
9,1860,2,True,0.2546926444915675,True
9,1962,2,True,0.5709954104851205,True
9,2109,2,True,0.20814651596571906,True
9,2110,2,False,0.05081478964667157,False
9,2235,2,True,0.13526387544647633,False
9,233,2,False,0.1642562331243416,True
9,239,2,True,0.39021794864610954,True
9,27,2,True,0.8316080430505588,True
9,30,2,True,0.392285440364237,True
9,34,2,True,0.11312520857497044,False
9,44,2,True,0.6959929706189635,True
9,451,2,True,0.44116202564294327,True
9,459,2,True,0.15275222064968666,True
9,46,2,True,0.608435684471377,True
9,580,2,True,0.10396622536493781,False
9,587,2,True,0.17961569601685443,True
9,592,2,True,0.45939008708531803,True
9,595,2,True,0.3006131114161184,True
9,598,2,True,0.45134599614442317,True
9,60,2,True,0.40780913160443844,True
9,600,2,False,0.44635728526987195,True
9,601,2,False,0.14624737786516823,False
9,81,2,True,0.7613676315152716,True
9,82,2,True,0.7069394130359633,True
9,821,2,True,0.11727091446835311,False
9,824,2,True,0.7842576686242789,True
9,83,2,False,0.26188300891637906,True
9,830,2,True,0.20473088447241578,True
9,840,2,True,0.16600591651540106,True
9,874,2,False,0.17522726120665866,True
12,1276,2,False,0.006600443954152709,False
12,1285,2,True,0.7519840796773222,True
12,1335,2,True,0.5441590872093557,True
12,1339,2,True,0.02712554757312955,False
12,1347,2,True,0.3496975105636605,True
12,1355,2,True,0.5946448756137299,True
12,1358,2,True,0.5522048583006168,True
12,1430,2,True,0.023340923412617995,False
12,1860,2,True,0.482639466452881,True
12,1962,2,True,0.6211106849677894,True
12,2109,2,True,0.265037333234406,True
12,2110,2,True,0.01590477351753934,False
12,2235,2,True,0.20262654647513573,True
12,233,2,False,0.059959245027336225,False
12,239,2,True,0.31039197255344503,True
12,27,2,True,0.8672217179379361,True
12,30,2,True,0.4173003805576722,True
12,34,2,True,0.17670770494078678,True
12,44,2,True,0.5709976215485172,True
12,451,2,True,0.4456061251640947,True
12,459,2,True,0.25924637150880486,True
12,46,2,True,0.6594447381199795,True
12,580,2,True,0.12784174903307985,False
12,587,2,True,0.23444829505562198,True
12,592,2,True,0.4468003281643685,True
12,595,2,True,0.28782413195836076,True
12,598,2,True,0.37568151251677817,True
12,60,2,True,0.5431257833703976,True
12,600,2,False,0.15758892062858967,True
12,601,2,False,0.03876974030762003,False
12,81,2,True,0.7530686209255808,True
12,82,2,True,0.5130903417563452,True
12,821,2,True,0.14009211783255426,False
12,824,2,True,0.7706222239881786,True
12,83,2,False,0.28867672279275897,True
12,830,2,True,0.09751555155942211,False
12,840,2,True,0.24362732088396444,True
12,874,2,False,0.046954156008468265,False
18,1276,2,False,0.006600443954152709,False
18,1285,2,True,0.7519840796773222,True
18,1335,2,True,0.5441590872093557,True
18,1339,2,True,0.02712554757312955,False
18,1347,2,True,0.3496975105636605,True
18,1355,2,True,0.5946448756137299,True
18,1358,2,True,0.5522048583006168,True
18,1430,2,True,0.023340923412617995,False
18,1860,2,True,0.482639466452881,True
18,1962,2,True,0.6211106849677894,True
18,2109,2,True,0.265037333234406,True
18,2110,2,True,0.01590477351753934,False
18,2235,2,True,0.20262654647513573,True
18,233,2,False,0.059959245027336225,False
18,239,2,True,0.31039197255344503,True
18,27,2,True,0.8672217179379361,True
18,30,2,True,0.4173003805576722,True
18,34,2,True,0.17670770494078678,True
18,44,2,True,0.5709976215485172,True
18,451,2,True,0.4456061251640947,True
18,459,2,True,0.25924637150880486,True
18,46,2,True,0.6594447381199795,True
18,580,2,True,0.12784174903307985,False
18,587,2,True,0.23444829505562198,True
18,592,2,True,0.4468003281643685,True
18,595,2,True,0.28782413195836076,True
18,598,2,True,0.37568151251677817,True
18,60,2,True,0.5431257833703976,True
18,600,2,False,0.15758892062858967,True
18,601,2,False,0.03876974030762003,False
18,81,2,True,0.7530686209255808,True
18,82,2,True,0.5130903417563452,True
18,821,2,True,0.14009211783255426,False
18,824,2,True,0.7706222239881786,True
18,83,2,False,0.28867672279275897,True
18,830,2,True,0.09751555155942211,False
18,840,2,True,0.24362732088396444,True
18,874,2,False,0.046954156008468265,False
6,1007,3,True,0.6641140854570768,True
6,1016,3,True,0.2457053063405718,True
6,1019,3,True,0.5176308605944494,True
6,1209,3,True,0.38537117152490635,True
6,1220,3,True,0.1902980348263814,True
6,1236,3,True,0.8053169844812141,True
6,1240,3,False,0.06165335431054407,False
6,1250,3,False,0.08782591737867286,False
6,1251,3,True,0.1412797587130368,False
6,1392,3,True,0.25939034117237875,True
6,1395,3,True,0.7188407084662234,True
6,1407,3,True,0.21390307394253785,True
6,1461,3,True,0.7994720928732892,True
6,1934,3,True,0.5740071360411234,True
6,1941,3,True,0.2555880575135526,True
6,1951,3,False,0.16181664397831716,True
6,2046,3,True,0.030662175430735808,False
6,2063,3,True,0.687594920995589,True
6,2153,3,True,0.3706737290620636,True
6,2323,3,True,0.280556523737763,True
6,2644,3,True,0.8191434583973187,True
6,2813,3,True,0.19658977240390232,True
6,357,3,False,0.2372563961647131,True
6,367,3,True,0.09260601630227194,False
6,373,3,True,0.6572956994515559,True
6,381,3,False,0.030392926316899518,False
6,387,3,True,0.015525907148558803,False
6,392,3,False,0.24302281637994852,True
6,492,3,False,0.04164998412126091,False
6,503,3,False,0.16710458429062472,True
6,8,3,True,0.5026515526730174,True
6,9,3,True,0.2839996342169175,True
6,923,3,False,0.0654155122479858,False
6,927,3,True,0.7271152189588479,True
9,1007,3,True,0.6760433950112457,True
9,1016,3,True,0.3095807370789582,True
9,1019,3,True,0.4438968489694155,True
9,1209,3,True,0.2980499358674442,True
9,1220,3,True,0.17437924946136404,True
9,1236,3,True,0.8073575103641623,True
9,1240,3,True,0.1038550912822006,False
9,1250,3,False,0.06134113426697637,False
9,1251,3,True,0.29604146645461693,True
9,1392,3,True,0.047053736363900284,False
9,1395,3,True,0.6920026608179406,True
9,1407,3,True,0.22845889964628738,True
9,1461,3,True,0.776606609106556,True
9,1934,3,True,0.5805346988656028,True
9,1941,3,True,0.4247973834843639,True
9,1951,3,False,0.11639722082547019,False
9,2046,3,True,0.1874121777697036,True
9,2063,3,True,0.7105168302646817,True
9,2153,3,True,0.37105665955473155,True
9,2323,3,True,0.43631866626834337,True
9,2644,3,True,0.816238383516414,True
9,2813,3,True,0.21839127826916527,True
9,357,3,False,0.11872464114300517,False
9,367,3,True,0.08519297869668019,False
9,373,3,True,0.7007741769632814,True
9,381,3,False,0.03026979494812236,False
9,387,3,True,0.035337775729896104,False
9,392,3,False,0.14048765712271363,False
9,492,3,False,0.11420725371312587,False
9,503,3,False,0.2716386938772785,True
9,8,3,True,0.4261905983184628,True
9,9,3,True,0.31611473044215554,True
9,923,3,True,0.11702700274001702,False
9,927,3,True,0.7256843485226162,True
12,1007,3,True,0.6381984208624107,True
12,1016,3,True,0.5045213589600072,True
12,1019,3,True,0.22732541892022257,True
12,1209,3,True,0.30412158480699214,True
12,1220,3,True,0.2252659271994428,True
12,1236,3,True,0.7415592282533304,True
12,1240,3,True,0.09691987181628273,False
12,1250,3,False,0.08372990983822157,False
12,1251,3,True,0.4918827072104778,True
12,1392,3,True,0.25011687783620173,True
12,1395,3,True,0.6950707152482101,True
12,1407,3,True,0.3143987006513058,True
12,1461,3,True,0.7611236901631598,True
12,1934,3,True,0.5025764812768602,True
12,1941,3,True,0.596576464391823,True
12,1951,3,False,0.11611918051453282,False
12,2046,3,True,0.3783071204107792,True
12,2063,3,True,0.6814534518447617,True
12,2153,3,True,0.315376124965776,True
12,2323,3,True,0.5093491127159995,True
12,2644,3,True,0.8262173267749517,True
12,2813,3,True,0.24933017680985547,True
12,357,3,False,0.2015394924467922,True
12,367,3,True,0.006597827792125176,False
12,373,3,True,0.7054276419152842,True
12,381,3,False,0.12359295717033356,False
12,387,3,True,0.13963480737841552,False
12,392,3,True,0.024325948493889235,False
12,492,3,False,0.06408059355857798,False
12,503,3,False,0.28996565024346954,True
12,8,3,True,0.42137476592957673,True
12,9,3,True,0.19449319929192113,True
12,923,3,True,0.21432989199383626,True
12,927,3,True,0.7092876563458679,True
18,1007,3,True,0.6381984208624107,True
18,1016,3,True,0.5045213589600072,True
18,1019,3,True,0.22732541892022257,True
18,1209,3,True,0.30412158480699214,True
18,1220,3,True,0.2252659271994428,True
18,1236,3,True,0.7415592282533304,True
18,1240,3,True,0.09691987181628273,False
18,1250,3,False,0.08372990983822157,False
18,1251,3,True,0.4918827072104778,True
18,1392,3,True,0.25011687783620173,True
18,1395,3,True,0.6950707152482101,True
18,1407,3,True,0.3143987006513058,True
18,1461,3,True,0.7611236901631598,True
18,1934,3,True,0.5025764812768602,True
18,1941,3,True,0.596576464391823,True
18,1951,3,False,0.11611918051453282,False
18,2046,3,True,0.3783071204107792,True
18,2063,3,True,0.6814534518447617,True
18,2153,3,True,0.315376124965776,True
18,2323,3,True,0.5093491127159995,True
18,2644,3,True,0.8262173267749517,True
18,2813,3,True,0.24933017680985547,True
18,357,3,False,0.2015394924467922,True
18,367,3,True,0.006597827792125176,False
18,373,3,True,0.7054276419152842,True
18,381,3,False,0.12359295717033356,False
18,387,3,True,0.13963480737841552,False
18,392,3,True,0.024325948493889235,False
18,492,3,False,0.06408059355857798,False
18,503,3,False,0.28996565024346954,True
18,8,3,True,0.42137476592957673,True
18,9,3,True,0.19449319929192113,True
18,923,3,True,0.21432989199383626,True
18,927,3,True,0.7092876563458679,True
6,11,4,True,0.2403018233494307,True
6,1112,4,True,0.33550164447353303,True
6,1122,4,True,0.04614888957285376,False
6,1126,4,True,0.6455482830739337,True
6,1129,4,True,0.22719577501911797,True
6,1415,4,True,0.4578369299637525,True
6,1416,4,True,0.36418195509005186,True
6,1423,4,True,0.3951117019695232,True
6,1533,4,True,0.18153708471069477,True
6,1548,4,True,0.4226199298957852,True
6,1550,4,False,0.08775038358320372,False
6,1563,4,False,0.14405858306270072,False
6,1573,4,True,0.45950046081089374,True
6,1574,4,True,0.2194365153324271,True
6,1575,4,True,0.7362141415584648,True
6,1582,4,True,0.4116629735357078,True
6,1590,4,True,0.3623832473084929,True
6,16,4,True,0.3365567869085695,True
6,1605,4,True,0.5225067457260908,True
6,1615,4,True,0.3028902824994737,True
6,1617,4,True,0.32571672313638717,True
6,1621,4,True,0.13179114173602643,False
6,1622,4,True,0.10824440739753285,False
6,1678,4,True,0.6365235488911551,True
6,1679,4,True,0.35394584739653046,True
6,1680,4,True,0.6076175169549872,True
6,1681,4,True,0.5807143474077006,True
6,2077,4,True,0.4787680376115598,True
6,218,4,True,0.22617920698930374,True
6,420,4,True,0.7077247087988687,True
6,425,4,False,0.18653582443232783,True
6,430,4,True,0.7699980049486229,True
6,612,4,False,0.14389419380590573,False
6,675,4,True,0.019495329278900297,False
6,685,4,True,0.35320207553781685,True
6,686,4,True,0.7441049385777955,True
6,701,4,True,0.268831380628269,True
6,705,4,False,0.012368594687441664,False
6,708,4,True,0.5457237369369854,True
6,711,4,True,0.19895151520306226,True
9,11,4,True,0.2467849438049923,True
9,1112,4,True,0.23400964988488707,True
9,1122,4,True,0.16680054071480105,True
9,1126,4,True,0.6532675176236392,True
9,1129,4,True,0.30949656540512654,True
9,1415,4,True,0.4586020076241087,True
9,1416,4,True,0.43067947555220654,True
9,1423,4,True,0.46395221597283487,True
9,1533,4,True,0.21839952479518107,True
9,1548,4,True,0.4995443183118927,True
9,1550,4,False,0.08461794129646784,False
9,1563,4,False,0.05413642302201876,False
9,1573,4,True,0.48634618308391564,True
9,1574,4,True,0.3040083159905226,True
9,1575,4,True,0.8279797841045523,True
9,1582,4,True,0.39720465424338647,True
9,1590,4,True,0.39581522907217254,True
9,16,4,True,0.31998198837481934,True
9,1605,4,True,0.6075835855832339,True
9,1615,4,True,0.16673409248643287,True
9,1617,4,True,0.3692384802223124,True
9,1621,4,True,0.26862667324309086,True
9,1622,4,True,0.1322261951985269,False
9,1678,4,True,0.6231753271520029,True
9,1679,4,True,0.3288019378996329,True
9,1680,4,True,0.6388532604775558,True
9,1681,4,True,0.643840548373603,True
9,2077,4,True,0.686937356591314,True
9,218,4,True,0.37973823272306,True
9,420,4,True,0.695406297874918,True
9,425,4,False,0.18057836350278153,True
9,430,4,True,0.7984562628938681,True
9,612,4,True,0.0012257823985417564,False
9,675,4,True,0.08238348266768906,False
9,685,4,True,0.33116628985260255,True
9,686,4,True,0.7793008469873044,True
9,701,4,True,0.33358879947733916,True
9,705,4,False,0.037621045321775966,False
9,708,4,True,0.49819159665009183,True
9,711,4,True,0.202265030408629,True
12,11,4,True,0.26439618797700287,True
12,1112,4,True,0.3446970562174622,True
12,1122,4,True,0.1741556640855367,True
12,1126,4,True,0.6937128718785608,True
12,1129,4,True,0.10970753204844277,False
12,1415,4,True,0.5444866831251116,True
12,1416,4,True,0.6343217157647973,True
12,1423,4,True,0.4335559023744188,True
12,1533,4,True,0.3803569714057574,True
12,1548,4,True,0.4876666392332599,True
12,1550,4,True,0.014535584835129385,False
12,1563,4,False,0.018405972412593063,False
12,1573,4,True,0.5128578559552012,True
12,1574,4,True,0.32189769227872866,True
12,1575,4,True,0.7220635714585413,True
12,1582,4,True,0.44412949987414835,True
12,1590,4,True,0.3983403305020029,True
12,16,4,True,0.3532038928810716,True
12,1605,4,True,0.6583837170957388,True
12,1615,4,True,0.19366465445696654,True
12,1617,4,True,0.4360374185989153,True
12,1621,4,True,0.46190847187961814,True
12,1622,4,True,0.27736034076237953,True
12,1678,4,True,0.5988632480526239,True
12,1679,4,True,0.16852365053050314,True
12,1680,4,True,0.6714193213974707,True
12,1681,4,True,0.5992371735522531,True
12,2077,4,True,0.7431524818368308,True
12,218,4,True,0.5221693372870034,True
12,420,4,True,0.41393171999686384,True
12,425,4,False,0.19804589784737664,True
12,430,4,True,0.8252244460341107,True
12,612,4,True,0.0033783482467196414,False
12,675,4,True,0.10372805313385391,False
12,685,4,True,0.28766606628850255,True
12,686,4,True,0.7580154173986109,True
12,701,4,True,0.3771106479750321,True
12,705,4,False,0.1668475251879118,True
12,708,4,True,0.43807681305901763,True
12,711,4,True,0.10528357701404968,False
18,11,4,True,0.26439618797700287,True
18,1112,4,True,0.3446970562174622,True
18,1122,4,True,0.1741556640855367,True
18,1126,4,True,0.6937128718785608,True
18,1129,4,True,0.10970753204844277,False
18,1415,4,True,0.5444866831251116,True
18,1416,4,True,0.6343217157647973,True
18,1423,4,True,0.4335559023744188,True
18,1533,4,True,0.3803569714057574,True
18,1548,4,True,0.4876666392332599,True
18,1550,4,True,0.014535584835129385,False
18,1563,4,False,0.018405972412593063,False
18,1573,4,True,0.5128578559552012,True
18,1574,4,True,0.32189769227872866,True
18,1575,4,True,0.7220635714585413,True
18,1582,4,True,0.44412949987414835,True
18,1590,4,True,0.3983403305020029,True
18,16,4,True,0.3532038928810716,True
18,1605,4,True,0.6583837170957388,True
18,1615,4,True,0.19366465445696654,True
18,1617,4,True,0.4360374185989153,True
18,1621,4,True,0.46190847187961814,True
18,1622,4,True,0.27736034076237953,True
18,1678,4,True,0.5988632480526239,True
18,1679,4,True,0.16852365053050314,True
18,1680,4,True,0.6714193213974707,True
18,1681,4,True,0.5992371735522531,True
18,2077,4,True,0.7431524818368308,True
18,218,4,True,0.5221693372870034,True
18,420,4,True,0.41393171999686384,True
18,425,4,False,0.19804589784737664,True
18,430,4,True,0.8252244460341107,True
18,612,4,True,0.0033783482467196414,False
18,675,4,True,0.10372805313385391,False
18,685,4,True,0.28766606628850255,True
18,686,4,True,0.7580154173986109,True
18,701,4,True,0.3771106479750321,True
18,705,4,False,0.1668475251879118,True
18,708,4,True,0.43807681305901763,True
18,711,4,True,0.10528357701404968,False
