method,t,seed,K_actual,SW,CH,S_Dbw,AVI,AVU,ANUI,MQ,Q,AVI_ref,AVU_ref,ANUI_ref,MQ_ref,seed_ARI,seconds
k-means (срезы),0,42,5,0.1338870876106448,314.57472624385315,0.7333704144074573,0.7217577553088648,0.2433115663654861,0.6139421417792018,3.692100140892692,0.5543175763607728,0.7384200281785385,0.5296586836530711,0.5308133219151803,3.692100140892692,0.9592156724120671,0.06442337044447616
k-means (срезы),0,43,5,0.1338870876106448,314.57472624385315,0.7333704144074573,0.7217577553088648,0.2433115663654861,0.6139421417792018,3.692100140892692,0.5543175763607726,0.7384200281785385,0.5296586836530711,0.5308133219151803,3.692100140892692,0.9592156724120671,0.06442369977776252
k-means (срезы),0,44,5,0.1339837109627819,314.5781755087226,0.7334199574720122,0.7227900181932723,0.2424795536907714,0.6150034124853923,3.6971169386542626,0.5551731971382279,0.7394233877308525,0.5289444056962764,0.5315333321472955,3.6971169386542626,0.9592156724120671,0.0644238188889277
k-means (срезы),6,42,5,0.13851162004974096,325.8398903975643,0.7150586001247101,0.6867482277729307,0.26432181883637157,0.581240056069114,3.5373470396425857,0.5191407192052563,0.7074694079285171,0.5763498615626271,0.5025533372659241,3.5373470396425857,0.9592156724120671,0.06442387111110293
k-means (срезы),6,43,5,0.1386001941185493,325.84126033902845,0.7148489878277936,0.6872817498772104,0.26423878862489614,0.581650280024533,3.540519433999552,0.5193950238546754,0.7081038867999104,0.5765917084480983,0.5028122622406306,3.540519433999552,0.9592156724120671,0.06442392011114054
k-means (срезы),6,44,5,0.1386001941185493,325.84126033902845,0.7148489878277936,0.6872817498772104,0.26423878862489614,0.581650280024533,3.5405194339995516,0.5193950238546754,0.7081038867999103,0.5765917084480982,0.5028122622406306,3.5405194339995516,0.9592156724120671,0.0644239557777837
k-means (срезы),12,42,5,0.1492876787235877,331.16606895347934,0.708658184903849,0.6979698452435346,0.2645742870283645,0.5891707101816543,3.553060149327645,0.512152147410605,0.710612029865529,0.5657733156636384,0.5068395561510523,3.553060149327645,0.9592156724120671,0.06442398688886897
k-means (срезы),12,43,5,0.14988047465142063,331.35661044592393,0.7081356133369526,0.7081944287875951,0.2568284793027949,0.5992078158808484,3.5683054224282675,0.5188361678858077,0.7136610844856535,0.5574416846851297,0.5105513006339565,3.5683054224282675,0.9592156724120671,0.06442402811110999
k-means (срезы),12,44,5,0.14929062362524975,331.1660072730361,0.70823172400763,0.6974868413516228,0.26611196738839754,0.5882938565545667,3.550760059981519,0.511910738721965,0.7101520119963037,0.5671980572839951,0.5062400990268331,3.550760059981519,0.9592156724120671,0.06442407033339098
Ward (срезы),0,42,5,0.13115811316439255,237.52778938178858,0.8210830287428003,0.6351207890593468,0.3136674015534624,0.5296130346073562,3.2847001536261784,0.42760656237131,0.6569400307252357,0.4856538883959722,0.4980419860455529,3.2847001536261784,1.0,0.08961320522222296
Ward (срезы),0,43,5,0.13115811316439255,237.52778938178858,0.8210830287428003,0.6351207890593468,0.3136674015534624,0.5296130346073562,3.2847001536261784,0.42760656237131,0.6569400307252357,0.4856538883959722,0.4980419860455529,3.2847001536261784,1.0,0.08961346455554223
Ward (срезы),0,44,5,0.13115811316439255,237.52778938178858,0.8210830287428003,0.6351207890593468,0.3136674015534624,0.5296130346073562,3.2847001536261784,0.42760656237131,0.6569400307252357,0.4856538883959722,0.4980419860455529,3.2847001536261784,1.0,0.08961355800005953
Ward (срезы),6,42,5,0.10940445543468945,265.7450771196209,0.7779021874737219,0.6210284631322773,0.31936929607692344,0.5182417332159441,3.2303914472618613,0.42797344369930124,0.6460782894523722,0.4806984772455222,0.4929754659522426,3.2303914472618613,1.0,0.08961362255558925
Ward (срезы),6,43,5,0.10940445543468945,265.7450771196209,0.7779021874737219,0.6210284631322773,0.31936929607692344,0.5182417332159441,3.2303914472618613,0.42797344369930124,0.6460782894523722,0.4806984772455222,0.4929754659522426,3.2303914472618613,1.0,0.08961366477776916
Ward (срезы),6,44,5,0.10940445543468945,265.7450771196209,0.7779021874737219,0.6210284631322773,0.31936929607692344,0.5182417332159441,3.2303914472618613,0.42797344369930124,0.6460782894523722,0.4806984772455222,0.4929754659522426,3.2303914472618613,1.0,0.08961369933331298
Ward (срезы),12,42,5,0.11822045303306333,259.357953104714,0.7610491251962062,0.6677241267015399,0.2635488663116636,0.5678032775269796,3.112776771737816,0.43607629473751325,0.6225553543475633,0.5958800940015071,0.45409900053095675,3.112776771737816,1.0,0.08961377833333649
Ward (срезы),12,43,5,0.11822045303306333,259.357953104714,0.7610491251962062,0.6677241267015399,0.2635488663116636,0.5678032775269796,3.112776771737816,0.43607629473751325,0.6225553543475633,0.5958800940015071,0.45409900053095675,3.112776771737816,1.0,0.0896138227778162
Ward (срезы),12,44,5,0.11822045303306333,259.357953104714,0.7610491251962062,0.6677241267015399,0.2635488663116636,0.5678032775269796,3.112776771737816,0.43607629473751325,0.6225553543475633,0.5958800940015071,0.45409900053095675,3.112776771737816,1.0,0.08961385177776214
GMM diagonal (срезы),0,42,5,0.113955701563031,271.7692142692414,0.7939768410419882,0.5825641737712607,0.3319208462872855,0.48816923512420235,2.9485097878270667,0.4327160649304441,0.5897019575654133,0.5965919879286663,0.436230919503788,2.9485097878270667,0.7957362779156611,0.07493583888895551
GMM diagonal (срезы),0,43,5,0.11562677337702577,271.5263002001345,0.8980084759900038,0.5826639083664743,0.3325836138407301,0.4880813277765782,2.9566210845929697,0.43205307785013936,0.5913242169185939,0.5995744883386541,0.43654889812433195,2.9566210845929697,0.7957362779156611,0.07493607811112371
GMM diagonal (срезы),0,44,5,0.11383977801936182,271.85224511613484,0.7931482019224335,0.5832336470839485,0.33153569975443975,0.48873122168088823,2.950878036211016,0.4330364660228149,0.5901756072422032,0.5964882169744112,0.4365098310737514,2.950878036211016,0.7957362779156611,0.07493615711114722
GMM diagonal (срезы),6,42,5,0.12424240164634441,296.2811269460953,0.7459973677385116,0.6100382450425813,0.32133398898818955,0.5100543244517718,3.1258031541899367,0.45918332690564406,0.6251606308379873,0.5963251187941019,0.4553912383045237,3.1258031541899367,0.7957362779156611,0.07493623833336945
GMM diagonal (срезы),6,43,5,0.12440704482642485,296.2666174049115,0.7464041427193917,0.6089608715733046,0.32157294113287105,0.5092389765998515,3.119695367458532,0.4585364136460414,0.6239390734917064,0.596609292208891,0.4546839508172651,3.119695367458532,0.7957362779156611,0.07493628288890856
GMM diagonal (срезы),6,44,5,0.12416628388052735,295.59638590614577,0.7452987362543065,0.6080028948920956,0.3216411655762393,0.5085512442738556,3.104694049379381,0.45705624722979066,0.6209388098758761,0.5943184925549878,0.4535593469382214,3.104694049379381,0.7957362779156611,0.0749363263333483
GMM diagonal (срезы),12,42,5,0.08925127756815233,279.67577370989756,0.7529222175727537,0.49945560642141223,0.37855023884602873,0.4200391987313416,2.698087594800223,0.3685145116209966,0.5396175189600446,0.6417301348473263,0.4008185388289379,2.698087594800223,0.7957362779156611,0.07493638977777867
GMM diagonal (срезы),12,43,5,0.08926887269104385,279.7715087473959,0.7527547168911689,0.49945034413774797,0.3784992012181263,0.42004448161603775,2.698135812292022,0.36853357441342366,0.5396271624584044,0.641739589820459,0.4008223403460837,2.698135812292022,0.7957362779156611,0.07493644755555175
GMM diagonal (срезы),12,44,5,0.12637255449719936,301.9471518354377,0.7432326841945789,0.6155363822606911,0.3168520325649847,0.5150785718550808,3.1083370832227484,0.45544662595024993,0.6216674166445497,0.5776033828789761,0.4574187657091154,3.1083370832227484,0.7957362779156611,0.07493647100000089
Spectral (срезы),0,42,5,0.07708293362672945,225.1212970139578,0.7135362152207635,0.9146716438155992,0.07850050292383191,0.8533959506964316,4.707765448038493,0.7218385938907509,0.9415530896076986,0.6181842181205164,0.5951462653661599,4.707765448038493,0.9993636298620706,0.1362643794443809
Spectral (срезы),0,43,5,0.0768591446270422,225.2790377132593,0.7143138130501708,0.9155348668707683,0.07788603717687095,0.8545958719917675,4.714680867174786,0.7231047936086805,0.9429361734349572,0.610377253209016,0.5984818594575877,4.714680867174786,0.9993636298620706,0.13626462433330744
Spectral (срезы),0,44,5,0.0768591446270422,225.27903771325924,0.7143138130501708,0.9155348668707683,0.07788603717687095,0.8545958719917675,4.714680867174787,0.7231047936086805,0.9429361734349573,0.6103772532090165,0.5984818594575876,4.714680867174787,0.9993636298620706,0.1362647589999647
Spectral (срезы),6,42,5,0.09956164117467596,245.28134194731018,0.7226174139159034,0.9151012505190618,0.07701786826190166,0.85485200959397,4.723211647430629,0.6886914634154659,0.9446423294861258,0.5430164965902551,0.6243685206565386,4.723211647430629,0.9993636298620706,0.1362648045555438
Spectral (срезы),6,43,5,0.09956164117467596,245.28134194731018,0.7226174139159034,0.9151012505190618,0.07701786826190166,0.85485200959397,4.72321164743063,0.688691463415466,0.944642329486126,0.5430164965902556,0.6243685206565385,4.72321164743063,0.9993636298620706,0.13626484022218696
Spectral (срезы),6,44,5,0.09978976696016456,245.72285924031232,0.7222610837388047,0.91446937825774,0.07764974052322317,0.8538396665760257,4.718887456358355,0.6879980502068098,0.943777491271671,0.5446790550614882,0.6233439158854255,4.718887456358355,0.9993636298620706,0.13626487466667137
Spectral (срезы),12,42,5,0.1061546784930234,251.29476791203544,0.7350629149350713,0.9154894832979497,0.07836363538803454,0.8542076970873335,4.714863383467229,0.663802777609451,0.9429726766934458,0.5157839054322771,0.6344130965255155,4.714863383467229,0.9993636298620706,0.13626491922221046
Spectral (срезы),12,43,5,0.1061546784930234,251.29476791203544,0.7350629149350714,0.9154894832979497,0.07836363538803454,0.8542076970873335,4.714863383467229,0.6638027776094511,0.9429726766934458,0.5157839054322779,0.6344130965255151,4.714863383467229,0.9993636298620706,0.13626497144438568
Spectral (срезы),12,44,5,0.10612097182524279,251.09781992100105,0.7350052622442939,0.9158033289255829,0.07818058175105402,0.8546146010756989,4.715600915309801,0.6639473208439892,0.9431201830619601,0.5161048896433619,0.6343506687355718,4.715600915309801,0.9993636298620706,0.13626500155553206
Leiden (срезы),0,42,5,0.05002799138866202,207.27059163000735,0.7290923283402835,0.9310290025752865,0.06672314845518017,0.8765751164144295,4.773796971430424,0.7330525319697594,0.9547593942860848,0.6137162821739642,0.6020105047452379,4.773796971430424,0.8427579809535177,0.12961581244447493
Leiden (срезы),0,43,5,0.0615343988469791,203.0189157259619,0.7480082501072068,0.9377502399941724,0.0559870273695831,0.8909725350716966,4.77567557742732,0.683358134527694,0.9551351154854639,0.5765823320890444,0.6159324643757985,4.77567557742732,0.8427579809535177,0.12961609166662433
Leiden (срезы),0,44,5,0.05136820288145109,209.10105648473495,0.7742399926264455,0.9246833446218435,0.07140919947071057,0.8674076397543465,4.77568669256766,0.7249479616473341,0.9551373385135321,0.586635172763433,0.6121430722378016,4.77568669256766,0.8427579809535177,0.12961618188890295
Leiden (срезы),6,42,5,0.09993541052727743,252.09278877657505,0.7256800406946523,0.9231221639444838,0.069370496847444,0.8675654882968709,4.749826373053785,0.6752250227033437,0.949965274610757,0.5839249808480534,0.6110247047849904,4.749826373053785,0.8427579809535177,0.12961626088892647
Leiden (срезы),6,43,6,0.06286112843004796,212.34496459144458,0.7199955952413993,0.9180022852734977,0.07547857536207972,0.8585161280110517,5.681749326139503,0.7381057371006141,0.9469582210232504,0.5965888582111363,0.6051064977497893,5.681749326139503,0.8427579809535177,0.12961632877775425
Leiden (срезы),6,44,4,0.08981583919273511,272.1462667822201,0.75048155481024,0.9451317365414874,0.051169489652482684,0.9015319316511019,3.8392181948769415,0.6425300007516486,0.9598045487192354,0.6563933237404422,0.588833787617346,3.8392181948769415,0.8427579809535177,0.1296163821111299
Leiden (срезы),12,42,4,0.09945517575928502,268.58544994063124,0.7682848639047828,0.9452412599750413,0.050476966716629344,0.9021949137903028,3.806607173796057,0.6227741432616977,0.9516517934490143,0.6317667357295078,0.5943284721855758,3.806607173796057,0.8427579809535177,0.12961644333336153
Leiden (срезы),12,43,4,0.09815687868804929,273.0633280838172,0.740158470016951,0.9500889952497158,0.04754690740862377,0.9090248924821044,3.828519580398863,0.64516157308988,0.9571298950997158,0.6248787437357072,0.5989210991690419,3.828519580398863,0.8427579809535177,0.12961654800003292
Leiden (срезы),12,44,4,0.09059997048508193,270.6914269100406,0.746512334502719,0.9458426869474577,0.05195276787095511,0.9015416982128894,3.8145512242646835,0.6475160176273007,0.9536378060661709,0.6400971282706933,0.592166838373703,3.8145512242646835,0.8427579809535177,0.12961657911111818
"Общие центры, без сети",0,42,5,0.13787879916006404,312.5766004775329,0.7271863300900109,0.7073675368310102,0.25427677374895913,0.59953151992744,3.6124032799130132,0.5397761360091473,0.7224806559826027,0.5583300776953002,0.5148137182203707,3.6124032799130132,0.988487669772347,0.0696838367777875
"Общие центры, без сети",6,42,5,0.14352024966898932,325.30276911618466,0.710756382740057,0.7028167194384596,0.2613215280762873,0.5937651378704536,3.632454267926511,0.5272637421354056,0.7264908535853022,0.5759187445344157,0.5121905013270942,3.632454267926511,0.988487669772347,0.06968422400000741
"Общие центры, без сети",12,42,5,0.14390909146414887,328.93306814439563,0.7088116356186391,0.7061328394562424,0.25769337793301617,0.5974224172503182,3.600092673844329,0.5193027281793875,0.7200185347688658,0.5595918444711793,0.5132297858122623,3.600092673844329,0.988487669772347,0.06968436199996278
"Общие центры, без сети",0,43,5,0.13812164150008935,312.51816395029493,0.72762550481186,0.7064042654647761,0.2549552471641337,0.5985962063168251,3.60850753361536,0.5390277697888289,0.721701506723072,0.556375180981838,0.5149358214627386,3.60850753361536,0.988487669772347,0.06968443099999098
"Общие центры, без сети",6,43,5,0.14409453154682866,325.315025000798,0.7109601843918691,0.7025492764699924,0.26237160717528507,0.5932044952717226,3.6354730739444476,0.5271200855845717,0.7270946147888895,0.5756782670230363,0.5125536974923598,3.6354730739444476,0.988487669772347,0.06968451888891043
"Общие центры, без сети",12,43,5,0.14510692161804759,329.0653381923296,0.7089047538460459,0.7063996461126378,0.25810849473596964,0.5974651669191325,3.5979565423596176,0.5174844789217821,0.7195913084719235,0.5577210041988891,0.5135055260728312,3.5979565423596176,0.988487669772347,0.06968456111109037
"Общие центры, без сети",0,44,5,0.13780854086396627,312.5481876343148,0.7271699270482682,0.7076010920097188,0.2540432185702505,0.5997832923270356,3.6123072575669486,0.5398403718004093,0.7224614515133897,0.5583163563943481,0.5148076036127996,3.6123072575669486,0.988487669772347,0.06968460233333139
"Общие центры, без сети",6,44,5,0.1433995749324705,325.3030198294566,0.7108964393387007,0.7028113642523753,0.26132861275451663,0.5937588178992756,3.631918299368469,0.527240039298774,0.7263836598736938,0.5756152580428489,0.5122168302329548,3.631918299368469,0.988487669772347,0.0696846468888705
"Общие центры, без сети",12,44,5,0.14391270799397712,328.9685525187747,0.7087722952786102,0.7065878765796305,0.25723834080962804,0.5979107296696464,3.6009713127314122,0.519578550545204,0.7201942625462825,0.5596013326544331,0.5133165641075945,3.6009713127314122,0.988487669772347,0.06968467799995576
GS-TKM без Витерби,0,42,5,0.10924991234369051,274.35115674070903,0.7282170046677844,0.8745566609593288,0.11717886265140409,0.7932633826248287,4.4454452759762155,0.6620079333680606,0.8890890551952431,0.6168495140064787,0.5741858988793891,4.4454452759762155,0.9949225120738525,0.07794310255556208
GS-TKM без Витерби,6,42,5,0.1216765675646885,291.9805120789244,0.725375626848097,0.8754776690191677,0.11444501361961704,0.7957484100477321,4.467872822575355,0.6398866962991882,0.893574564515071,0.6161792667660905,0.5762758563337804,4.467872822575355,0.9949225120738525,0.07794333288883434
GS-TKM без Витерби,12,42,5,0.12601029598907768,292.2351819313586,0.7261596945894093,0.8757429212002468,0.11368279327724046,0.7964507521399118,4.440001304112205,0.6162815661243283,0.8880002608224411,0.5520549239200324,0.5958833804431084,4.440001304112205,0.9949225120738525,0.07794339177780785
GS-TKM без Витерби,0,43,5,0.10840647773488349,273.74180771391644,0.7282085086284618,0.875323972101334,0.11615690816644604,0.7945392522331507,4.455581708715244,0.6632140260703845,0.8911163417430489,0.6178892802348667,0.5746871437701759,4.455581708715244,0.9949225120738525,0.07794345855553628
GS-TKM без Витерби,6,43,5,0.12076707331670802,291.5867620290942,0.725019599961036,0.875039147690303,0.11479263716639469,0.7951662475909199,4.46643451944588,0.6395585604619658,0.893286903889176,0.6160160003639382,0.5762104041105245,4.46643451944588,0.9949225120738525,0.07794351088887197
GS-TKM без Витерби,12,43,5,0.126095933324789,292.12524665149476,0.7262189055784163,0.8755261729120551,0.11394988499757983,0.796102159873515,4.439900799714391,0.6168209882092788,0.8879801599428783,0.5531718491048099,0.5954780104358371,4.439900799714391,0.9949225120738525,0.07794355877770916
GS-TKM без Витерби,0,44,5,0.10916080622320444,274.02094947157366,0.7287281426811332,0.8746511974645818,0.11674425889815017,0.7936147898309477,4.4478867390676475,0.6620914226775106,0.8895773478135295,0.6159941809542664,0.5746718471076463,4.4478867390676475,0.9949225120738525,0.07794359099999484
GS-TKM без Витерби,6,44,5,0.1216765675646885,291.9805120789244,0.725375626848097,0.8754776690191677,0.11444501361961704,0.7957484100477321,4.467872822575355,0.6398866962991882,0.893574564515071,0.6161792667660905,0.5762758563337804,4.467872822575355,0.9949225120738525,0.07794362111114121
GS-TKM без Витерби,12,44,5,0.12597849220285454,292.1374965234262,0.7260467209578771,0.8764221939576171,0.11300575007190582,0.7974428573505686,4.442725826549278,0.6169251677928915,0.8885451653098556,0.5521298260305559,0.596102081525314,4.442725826549278,0.9949225120738525,0.07794365555552456
GS-TKM,0,42,5,0.11370430999956352,277.4587867443294,0.7307262176670363,0.8763051877993995,0.11539781126784843,0.7958281047464922,4.464161480384621,0.6626176586747173,0.8928322960769242,0.6164880646838744,0.5758646266586391,4.464161480384621,0.9925148776253411,0.07311609355555346
GS-TKM,6,42,5,0.12137429013483166,291.54427180389257,0.7245910336316795,0.876303859413082,0.1136033767368313,0.7969651227334975,4.471674747561298,0.6408618889456632,0.8943349495122597,0.6171305694713868,0.5762759173037456,4.471674747561298,0.9925148776253411,0.07311634944451523
GS-TKM,12,42,5,0.12385174731777578,292.10882351636525,0.7264551539687925,0.869997652037198,0.11820227750785035,0.7888733099252577,4.41588416636421,0.6185484270410484,0.8831768332728419,0.58032014814018,0.5839087961133602,4.41588416636421,0.9925148776253411,0.07311642511113961
GS-TKM,0,43,5,0.11416037444358983,277.5465346945513,0.7310412142636239,0.8768571795747493,0.11484581949249856,0.7966334931091371,4.467368749453181,0.6629061908154438,0.8934737498906362,0.6163532089625876,0.5761761739125978,4.467368749453181,0.9925148776253411,0.07311648966666932
GS-TKM,6,43,5,0.12067074752688625,290.9478815570622,0.7240091620922462,0.8762469527195984,0.11347875444975634,0.796997206502517,4.470539834668846,0.6406738907245938,0.8941079669337691,0.6180795903379482,0.5758667761337001,4.470539834668846,0.9925148776253411,0.07311655866669753
GS-TKM,12,43,5,0.12373742312835331,292.65256586951233,0.7253030404624443,0.8718782109036253,0.11642584867553683,0.7915306036966295,4.418461232287622,0.6198557509859555,0.8836922464575243,0.580718651461181,0.5839981031761065,4.418461232287622,0.9925148776253411,0.07311660877783449
GS-TKM,0,44,5,0.11380285779532749,277.7011105873767,0.7309867696833697,0.8768481509031638,0.11515252116304171,0.7964314515845552,4.468549264859743,0.6629390042768738,0.8937098529719487,0.6149415245378607,0.5767435414704067,4.468549264859743,0.9925148776253411,0.07311665766671165
GS-TKM,6,44,5,0.12137909128193004,291.7001617672909,0.7248738711869154,0.8765116009983751,0.11339563515153808,0.7972689730674546,4.471875379934469,0.6407728713336178,0.8943750759868937,0.6173584127014966,0.576216917877589,4.471875379934469,0.9925148776253411,0.07311672444444008
GS-TKM,12,44,5,0.12388713772500985,292.4597401134532,0.725908676188937,0.8716667709247835,0.11645454109928109,0.7913383664427271,4.4231426698368645,0.619522996443344,0.884628533967373,0.5822795593716095,0.5838742552538677,4.4231426698368645,0.9925148776253411,0.07311676233338302
Multilayer Leiden,0,42,5,0.03724348405204759,177.10769750899354,0.7715140860426504,0.924779371858177,0.07061972802762806,0.8680866569110925,4.755168819460746,0.7065157246694945,0.9510337638921491,0.5747855374405308,0.6149029413941707,4.755168819460746,0.880945261802211,2.9795122641110843
Multilayer Leiden,6,42,5,0.07313963753248583,236.8667373673295,0.7425874644189974,0.934905491931325,0.05967691869495033,0.8855013533445707,4.74903560357638,0.6538140032630098,0.9498071207152761,0.6022855782916859,0.6041818139875932,4.74903560357638,0.880945261802211,2.979512728111129
Multilayer Leiden,12,42,5,0.09601329047391283,232.63304706353242,0.7585062934482331,0.9436603823779588,0.05349033490565035,0.8983163296178577,4.743168985700511,0.6600815983459856,0.9486337971401022,0.5507490372730919,0.6230931035678605,4.743168985700511,0.880945261802211,2.979512888444434
Multilayer Leiden,0,43,5,0.05938608188276085,209.415621081652,0.7486178491071009,0.9342194238399455,0.060977514210429136,0.8838686292341869,4.7716553509379604,0.6896646565026093,0.9543310701875921,0.5753293620827019,0.6160731954264521,4.7716553509379604,0.880945261802211,2.979512969666656
Multilayer Leiden,6,43,5,0.08417658717627025,233.06287869515478,0.7459295369713479,0.9344408358334294,0.05958199524274749,0.8851588641847944,4.750395328573232,0.6572694858656571,0.9500790657146464,0.597609364826368,0.6060042867310774,4.750395328573232,0.880945261802211,2.9795130319999874
Multilayer Leiden,12,43,5,0.09662188927483559,234.0494997237605,0.7536931146338546,0.943728191945199,0.053092180025160834,0.8986992377454135,4.748399961523736,0.6523185692654787,0.9496799923047472,0.5492339255939588,0.6241339349060215,4.748399961523736,0.880945261802211,2.9795130875555618
Multilayer Leiden,0,44,5,0.04066173412287231,178.94250939615267,0.7422699408868284,0.929030193363891,0.06811244083624529,0.8737411515996097,4.763856364815438,0.7112434037520827,0.9527712729630876,0.5232788624635136,0.635789058059172,4.763856364815438,0.880945261802211,2.9795131287778025
Multilayer Leiden,6,44,5,0.0669409195711678,223.5073793586373,0.7571906162317082,0.9380551306982026,0.056349585631465915,0.8909598671211125,4.753770959083737,0.651636792439018,0.9507541918167475,0.5848994821860144,0.6109869925408435,4.753770959083737,0.880945261802211,2.9795131687777836
Multilayer Leiden,12,44,5,0.09475552620015504,245.00526924209186,0.7525485169894808,0.9423004228290669,0.05413041311341751,0.8965690268116702,4.7417586230434665,0.6431957381598299,0.9483517246086933,0.5543048465697021,0.6215944612164468,4.7417586230434665,0.880945261802211,2.9795132122222237
KEFRiN Euclidean (авторы),0,42,5,0.1381075601882828,310.7738037605959,0.7238353668081404,0.7816080403829759,0.1933976596067167,0.6789735995659919,3.9861011410213627,0.6027158688674709,0.7972202282042725,0.5539112239236522,0.553014832740868,3.9861011410213627,0.832209776689919,12.84215455155552
KEFRiN Euclidean (авторы),0,43,5,0.13353237560498948,310.41125186434164,0.7337105632853353,0.7810884064745687,0.19260555636234059,0.6789463778389522,3.9860078268372776,0.6044598540043623,0.7972015653674556,0.5428983810332924,0.5563943867923642,3.9860078268372776,0.832209776689919,12.842154890999963
KEFRiN Euclidean (авторы),0,44,5,0.1354855365165751,311.36672278913255,0.7329941436115496,0.7648571358486026,0.20816803585591323,0.659803939326484,3.8978339197639857,0.5887690608522125,0.7795667839527971,0.5263063788554793,0.5527701728981711,3.8978339197639857,0.832209776689919,12.842155010111128
KEFRiN Euclidean (авторы),6,42,5,0.13042490946666502,320.72171527513115,0.7200721406733447,0.7679440315864511,0.20314367105259987,0.6643097394114538,3.996133867456988,0.5907101634539036,0.7992267734913976,0.5367385271493046,0.5593004253714617,3.996133867456988,0.832209776689919,12.842155105777742
KEFRiN Euclidean (авторы),6,43,5,0.12865014861035196,320.6482087058015,0.7149127912954254,0.765355830497717,0.20590054480818087,0.6611647417031552,3.9821303317120327,0.5899533192096901,0.7964260663424065,0.5511232296262311,0.5534853481012301,3.9821303317120327,0.832209776689919,12.842155168111073
KEFRiN Euclidean (авторы),6,44,5,0.13374152720609964,320.45922765311,0.7144237472847832,0.7752298325314729,0.19807785485977283,0.672034929473317,4.006614345054027,0.5913506829203822,0.8013228690108054,0.5815652789814362,0.5465969205628858,4.006614345054027,0.832209776689919,12.842155238222201
KEFRiN Euclidean (авторы),12,42,5,0.1396716737838711,324.5176420647402,0.7031446637278908,0.7713158162157818,0.20182821889945476,0.6674168365349116,3.9572823476395325,0.5736090342774176,0.7914564695279065,0.6077602137686897,0.5344011148203593,3.9572823476395325,0.832209776689919,12.842155292666677
KEFRiN Euclidean (авторы),12,43,5,0.13444074130548497,325.6779540994746,0.710135276395012,0.7513995853867257,0.2171425277229322,0.6459980270676209,3.8538432027687137,0.5685876704387256,0.7707686405537427,0.5683015723703683,0.5359896248829819,3.8538432027687137,0.832209776689919,12.84215532611112
KEFRiN Euclidean (авторы),12,44,5,0.13952719001377986,324.13046526385915,0.7026844389949626,0.7711621664665985,0.20202568481877323,0.6672138717046886,3.9671385776517565,0.5753475389655103,0.7934277155303513,0.6113818430079625,0.5342633500783722,3.9671385776517565,0.832209776689919,12.842155346111111
KEFRiN Cosine (авторы),0,42,5,0.10319473098251158,266.60762143250304,0.7069479744018247,0.8061149497796374,0.1670703099565322,0.7104350652121848,4.2935672572752175,0.6380108731493563,0.8587134514550435,0.6045701889818554,0.5652582088642809,4.2935672572752175,0.7165210768911126,3.810039420888845
KEFRiN Cosine (авторы),0,43,5,0.11700689581616462,283.7144459952646,0.6906041215200822,0.790556922574724,0.17509592952807396,0.6944314326034382,4.012557431356916,0.6162180393124232,0.8025114862713831,0.590539722372093,0.5444761299730271,4.012557431356916,0.7165210768911126,3.810039680222164
KEFRiN Cosine (авторы),0,44,5,0.11799177309660942,284.2724490144432,0.6952970593116188,0.7890780289438541,0.17764706439803007,0.6920660171930592,3.9971069773109327,0.6083169776805567,0.7994213954621865,0.6103240961694737,0.5372794517241385,3.9971069773109327,0.7165210768911126,3.810039772555481
KEFRiN Cosine (авторы),6,42,5,0.10896950865624212,279.2563339845597,0.6940326472784565,0.8212107327662969,0.15614508102969207,0.7278765646852082,4.334458001592436,0.6271213053434748,0.8668916003184872,0.6203694339680591,0.5637244878487201,4.334458001592436,0.7165210768911126,3.8100398136666627
KEFRiN Cosine (авторы),6,43,5,0.11080851373682978,279.94749948588264,0.6846917714186301,0.819644770410855,0.15502771830596604,0.7272365276143501,4.332088048596059,0.6227117598719503,0.8664176097192119,0.6055331788284816,0.5682751274453565,4.332088048596059,0.7165210768911126,3.8100398393333106
KEFRiN Cosine (авторы),6,44,5,0.1137421320060185,290.0640308713766,0.6845442971765964,0.8058880088138332,0.17185430579863337,0.7078535955384633,4.187445026119011,0.6064813933817612,0.8374890052238022,0.6583530809947173,0.5398406131759884,4.187445026119011,0.7165210768911126,3.8100398748888944
KEFRiN Cosine (авторы),12,42,5,0.12358396825024795,294.69292235157576,0.6944507917494338,0.8170739312895554,0.15859749076090263,0.7233393663808129,4.1760144671804,0.5767120566453579,0.8352028934360799,0.6257083259856699,0.5485396764965103,4.1760144671804,0.7165210768911126,3.8100399105555374
KEFRiN Cosine (авторы),12,43,5,0.12126558810297632,293.0234264944939,0.686475866539483,0.8147386507591017,0.1611200653417385,0.7201977551479193,4.208794929225863,0.5953843409018019,0.8417589858451725,0.599869584238532,0.5593285090489236,4.208794929225863,0.7165210768911126,3.810039957222216
KEFRiN Cosine (авторы),12,44,5,0.11916965546181162,292.4425122311159,0.6850091196166587,0.8205742255963008,0.1562839745524255,0.7273029972315188,4.2623157881585,0.6052960573605474,0.8524631576317001,0.6212342137600596,0.5573187144085243,4.2623157881585,0.7165210768911126,3.8100399784444665
CANUS (авторы),0,42,5,0.10603230811360478,257.7803866523202,0.7126423314815956,0.7705531012649423,0.19181494522822104,0.6713283532574432,3.8210711891385203,0.573155708742101,0.764214237827704,0.5707900932942008,0.532106315158133,3.8210711891385203,0.5819499385777496,111.25125497411116
CANUS (авторы),0,43,5,0.08197748282721216,263.90898045629547,0.6814184305033923,0.6550207023507711,0.28464260803860564,0.5520860284494743,3.3528281269351043,0.5141573856149966,0.6705656253870209,0.6276554880307791,0.47193545245507146,3.3528281269351043,0.5819499385777496,111.25125703944448
CANUS (авторы),0,44,5,0.09780453559249007,244.5646894844578,0.7494356458968574,0.7108203963549833,0.24863016938690197,0.6040634243663637,3.3130537956012516,0.4948764700840526,0.6626107591202504,0.6324500442485228,0.46693369443939753,3.3130537956012516,0.5819499385777496,111.25125717855553
CANUS (авторы),6,42,5,0.10382136130501854,277.786832123279,0.7047492926526073,0.7917207275971009,0.18209132664986483,0.69196348175175,3.8912380798262802,0.5539294354637266,0.778247615965256,0.6034937662047014,0.529539893248616,3.8912380798262802,0.5819499385777496,111.25125724311117
CANUS (авторы),6,43,5,0.10891082038669586,288.0616394377259,0.6791203303399351,0.7706248459513203,0.19060545254902742,0.6719284375043563,3.8431679435491564,0.5677984105190462,0.7686335887098312,0.5879782217715424,0.5293839200868836,3.8431679435491564,0.5819499385777496,111.251257301
CANUS (авторы),6,44,5,0.10969659260510863,265.32440577550193,0.7385493024429785,0.7470934747003276,0.21046689902472918,0.6455830055599006,3.692221849356171,0.5408499674915488,0.7384443698712342,0.6321581641576668,0.5034343499053507,3.692221849356171,0.5819499385777496,111.25125736222223
CANUS (авторы),12,42,5,0.11068246174395702,281.92659829961536,0.7099528254598759,0.7856885006800994,0.18859424319332166,0.6842925441002223,3.807799991543717,0.5249571508291755,0.7615599983087434,0.5934251250724166,0.5245160635785637,3.807799991543717,0.5819499385777496,111.2512574055556
CANUS (авторы),12,43,5,0.10895556791008121,289.7954766129299,0.6779686027523105,0.7804593867186611,0.18896508126276265,0.6801510076067078,3.777665216607701,0.5473273878273639,0.7555330433215401,0.5812864473613997,0.5249742603959598,3.777665216607701,0.5819499385777496,111.25125749688888
CANUS (авторы),12,44,5,0.11262609507592393,270.5578172070489,0.7351324304417785,0.7342551996279093,0.2231220136641172,0.6308963910558664,3.4364551504765397,0.48919660073191534,0.6872910300953079,0.6217774594449634,0.48151809174255084,3.4364551504765397,0.5819499385777496,111.25125754800007
DMoN,0,42,5,0.05852236955480125,222.29089163142513,0.7306368465265975,0.8679781336552399,0.12481575486147355,0.783135330432277,4.547164769938222,0.6929599906007076,0.9094329539876445,0.6666281441198938,0.5661826704544588,4.547164769938222,0.7247093653355519,5.090023475777747
DMoN,0,43,5,0.06173216236727963,225.06810637233474,0.727021599008864,0.8721046010105894,0.12074294299677282,0.789020379387178,4.558676643207284,0.6973127033095634,0.9117353286414568,0.667683215064091,0.5667351147313187,4.558676643207284,0.7247093653355519,5.090023691666728
DMoN,0,44,5,0.056944179260096525,225.8215017509382,0.7164828543205222,0.8695321757013199,0.12341139971935189,0.7852652211873132,4.547208797085101,0.6970683371481777,0.9094417594170203,0.6575667338696627,0.569105849237429,4.547208797085101,0.7247093653355519,5.090023746222262
DMoN,6,42,5,0.053323976217133855,233.94033923001606,0.7122796618128646,0.8727070992473779,0.12173978089981856,0.788892643212785,4.552490549165458,0.6897190870586224,0.9104981098330915,0.6858031556872802,0.5605057321854805,4.552490549165458,0.7247093653355519,5.090023788444443
DMoN,6,43,5,0.05537478718053273,235.43083190173817,0.7175558345684016,0.8805750423739879,0.11322507030151176,0.8007388407458621,4.572034527666112,0.691813093513733,0.9144069055332225,0.6886482865864578,0.5610874646104814,4.572034527666112,0.7247093653355519,5.090023822999986
DMoN,6,44,5,0.060367356464412894,243.34403891665957,0.7036119556947641,0.8746819832861704,0.11976273702844792,0.7917434461914621,4.536879506717794,0.68386779564285,0.9073759013435587,0.6782061259895344,0.561707750953872,4.536879506717794,0.7247093653355519,5.090023854111172
DMoN,12,42,5,0.056303663410673,241.27660141489636,0.7161040279819995,0.870436155889321,0.12386753143543067,0.7857207092460019,4.526806019013028,0.6838845127921654,0.9053612038026057,0.6936776839140597,0.55610881625086,4.526806019013028,0.7247093653355519,5.090023873000064
DMoN,12,43,5,0.05290170919898508,242.1953485679423,0.7079580087486242,0.8714261047836107,0.1222572747622482,0.7875246602070851,4.532446625280935,0.6830971080642935,0.906489325056187,0.6893567018392137,0.5578758066255235,4.532446625280935,0.7247093653355519,5.090023892000015
DMoN,12,44,5,0.054351979322145104,241.01557783592673,0.7141850523264297,0.8762534878351289,0.11801508130744075,0.7941314589830337,4.544723676403443,0.6855143084331335,0.9089447352806885,0.6975467583034128,0.5562590201637382,4.544723676403443,0.7247093653355519,5.090023910888906
