method,t,seed,K_actual,SW,CH,S_Dbw,AVI,AVU,ANUI,MQ,Q,AVI_ref,AVU_ref,ANUI_ref,MQ_ref,seed_ARI,seconds,feature_rank,network_rank
CANUS (авторы),6.0,43.0,5.0,0.10450080284001023,271.0785362276861,0.7098854657745923,0.7495818150273461,0.21210363766639462,0.648032519294676,3.659500149226049,0.5340276130337697,0.7319000298452099,0.6056683121762436,0.5071491156678363,3.659500149226049,0.5819499385777496,111.25125706098768,19.0,9.0
DMoN,6.0,43.0,5.0,0.05664690921956223,234.48702640243084,0.7162039823321186,0.8728549759758607,0.12087084147916623,0.7895747432881108,4.546492346053042,0.6894707707292497,0.9092984692106084,0.6805685339304007,0.5617298028014625,4.546492346053042,0.7247093653355519,5.090023783901258,29.0,4.0
GMM diagonal (срезы),6.0,43.0,5.0,0.1134589653410123,284.96514712615493,0.7746381538139041,0.5766562303943907,0.33716552535654387,0.4831098424566231,2.9678624411082106,0.4294529231743939,0.5935724882216421,0.6045534115940527,0.43688709218289096,2.9678624411082106,0.7957362779156611,0.07493624777779823,26.0,13.0
GS-TKM,6.0,43.0,5.0,0.1196186643725853,287.1244307393149,0.727099459905005,0.8747350628082194,0.11521739839379808,0.7946518479786965,4.45240639170565,0.6409665199156953,0.8904812783411301,0.6048521921853472,0.5787694564333348,4.45240639170565,0.992514877625341,0.07311651885188271,17.0,6.0
GS-TKM без Витерби,6.0,43.0,5.0,0.11878023625162053,286.0177361354913,0.7265944256400346,0.8753575115915335,0.11493345805203946,0.795341806859923,4.452635757636841,0.6396303397003107,0.8905271515273684,0.5951626786830144,0.5821967198821729,4.452635757636841,0.9949225120738525,0.07794346923455359,19.0,5.0
KEFRiN Cosine (авторы),6.0,43.0,5.0,0.11508141845660133,284.8912490956906,0.6913392943347537,0.8094311356593509,0.16431577107466602,0.7145265912896616,4.200483102979482,0.6106947559608034,0.8400966205958963,0.6151668694776602,0.5537823243317188,4.200483102979482,0.7165210768911126,3.8100398053086195,15.0,7.0
KEFRiN Euclidean (авторы),6.0,43.0,5.0,0.13484240696623334,318.7452212751319,0.7173236813418271,0.7699956494878771,0.2024766393318538,0.6662068958473972,3.9592317288784082,0.5872781325544083,0.7918463457756817,0.5644429609684907,0.5473573529165215,3.9592317288784082,0.832209776689919,12.842155103296282,11.0,8.0
Leiden (срезы),6.0,43.0,4.666666666666667,0.07819499957772988,240.9238654361592,0.7447170478049645,0.9356546350136651,0.06001273101707649,0.8861478159649772,4.449514568217249,0.6791856802976969,0.9537977096948027,0.6122870619513313,0.6022741601376983,4.449514568217249,0.8427579809535177,0.12961629202470284,31.0,1.0
Multilayer Leiden,6.0,43.0,5.0,0.07210435003183423,218.95451549303385,0.7525397131922447,0.9361243827419106,0.05955901229863277,0.8867667907300343,4.753023332968357,0.6695266635847962,0.9506046665936714,0.5680528885252853,0.617417754203293,4.753023332968357,0.880945261802211,2.9795129421851847,36.0,2.0
Spectral (срезы),6.0,43.0,5.0,0.09423828900018,240.6280301467201,0.7238656494451282,0.9152439502638313,0.07787398965019149,0.8543512639660331,4.716418401761326,0.6916646704676384,0.9432836803522652,0.5574803859209405,0.61859642258516,4.716418401761326,0.9993636298620705,0.1362647971604648,28.0,3.0
Ward (срезы),6.0,43.0,5.0,0.11959434054404844,254.21027320204115,0.7866781138042428,0.6412911262977213,0.2988618546473498,0.5385526817834266,3.209289457541952,0.43055210026937485,0.6418578915083903,0.5207441532143338,0.4817054841762507,3.209289457541952,1.0,0.08961362970371232,27.0,12.0
k-means (срезы),6.0,43.0,5.0,0.14065874127457434,323.88208063827665,0.7188825427017396,0.7034742635245672,0.2566018684697183,0.5960111883087829,3.5968698622020856,0.5294042411991954,0.719373972440417,0.5564675676771117,0.5138854215040759,3.5968698622020856,0.9592156724120672,0.06442385793828483,9.0,11.0
"Общие центры, без сети",6.0,43.0,5.0,0.14197245097206465,322.28119165156465,0.7156759392404513,0.7054078462905381,0.2579263556631162,0.5968264203835388,3.6146760268077895,0.528514878029279,0.722935205361558,0.5641275628884765,0.5135077831490007,3.6146760268077895,0.988487669772347,0.06968442899998968,6.0,10.0
