tid,name,region,months,status,reason,type,type_name,signed_margin
100,Окинский муниципальный район,Республика Бурятия,11,unassigned,нет полного годового окна 2024,,,
101,Прибайкальский муниципальный район,Республика Бурятия,12,unassigned,нет полного годового окна 2024,,,
102,Северо-Байкальский муниципальный район,Республика Бурятия,12,unassigned,нет полного годового окна 2024,,,
1022,Камышинский муниципальный район,Волгоградская область,4,unassigned,нет полного годового окна 2024,,,
103,Селенгинский муниципальный район,Республика Бурятия,12,unassigned,нет полного годового окна 2024,,,
104,Тарбагатайский муниципальный район,Республика Бурятия,12,unassigned,нет полного годового окна 2024,,,
1043,Фроловский муниципальный район,Волгоградская область,12,unassigned,нет полного годового окна 2024,,,
105,Тункинский муниципальный район,Республика Бурятия,12,unassigned,нет полного годового окна 2024,,,
106,Хоринский муниципальный район,Республика Бурятия,12,unassigned,нет полного годового окна 2024,,,
107,городской округ город Махачкала,Республика Дагестан,12,provisional,полный 2024; пройдена калибровка и порог запаса,2.0,Промышленность и сервисное потребление,0.4873863334071509
108,городской округ город Буйнакск,Республика Дагестан,12,unassigned,не пройден порог запаса или калибровки,,,0.14570169274603292
109,городской округ город Дагестанские Огни,Республика Дагестан,8,unassigned,нет полного годового окна 2024,,,
111,городской округ город Избербаш,Республика Дагестан,12,unassigned,не пройден порог запаса или калибровки,,,0.05352838000505435
113,городской округ город Кизилюрт,Республика Дагестан,12,unassigned,не пройден порог запаса или калибровки,,,0.030857533727542238
114,городской округ город Кизляр,Республика Дагестан,12,unassigned,не пройден порог запаса или калибровки,,,0.008932962704233894
116,городской округ город Южно-Сухокумск,Республика Дагестан,6,unassigned,нет полного годового окна 2024,,,
1162,Тулунский муниципальный район,Иркутская область,3,unassigned,нет полного годового окна 2024,,,
1177,городской округ Ладушкинский,Калининградская область,3,unassigned,нет полного годового окна 2024,,,
1182,городской округ Янтарный,Калининградская область,23,provisional,полный 2024; пройдена калибровка и порог запаса,1.0,Смешанная занятость и средние расходы,0.21112692159024468
1183,муниципальный округ Багратионовский,Калининградская область,20,unassigned,нет полного годового окна 2024,,,
121,Бабаюртовский муниципальный район,Республика Дагестан,1,unassigned,нет полного годового окна 2024,,,
1216,Перемышльский муниципальный район,Калужская область,23,provisional,полный 2024; пройдена калибровка и порог запаса,1.0,Смешанная занятость и средние расходы,0.587485050787005
1245,Ленинск-Кузнецкий муниципальный округ,Кемеровская область,18,unassigned,нет полного годового окна 2024,,,
1247,Новокузнецкий муниципальный округ,Кемеровская область,19,unassigned,нет полного годового окна 2024,,,
1332,Шарьинский муниципальный район,Костромская область,23,provisional,полный 2024; пройдена калибровка и порог запаса,0.0,"Низкие расходы, продовольственный профиль",0.2912879032791022
1342,Кетовский муниципальный округ,Курганская область,23,provisional,полный 2024; пройдена калибровка и порог запаса,3.0,Государственный сектор и умеренные расходы,0.3279337884624416
1354,Шадринский муниципальный округ,Курганская область,13,unassigned,не пройден порог запаса или калибровки,,,0.10342945354522691
140,Кумторкалинский муниципальный район,Республика Дагестан,6,unassigned,нет полного годового окна 2024,,,
142,Новолакский муниципальный район,Республика Дагестан,2,unassigned,нет полного годового окна 2024,,,
1424,Липецкий муниципальный район,Липецкая область,10,unassigned,нет полного годового окна 2024,,,
143,Ногайский муниципальный район,Республика Дагестан,5,unassigned,нет полного годового окна 2024,,,
1432,муниципальный округ Омсукчанский,Магаданская область,16,unassigned,нет полного годового окна 2024,,,
1433,муниципальный округ Северо-Эвенский,Магаданская область,9,unassigned,нет полного годового окна 2024,,,
1434,муниципальный округ Среднеканский,Магаданская область,22,unassigned,нет полного годового окна 2024,,,
1435,муниципальный округ Сусуманский,Магаданская область,23,unassigned,нет полного годового окна 2024,,,
1436,муниципальный округ Тенькинский,Магаданская область,19,unassigned,нет полного годового окна 2024,,,
1437,муниципальный округ Хасынский,Магаданская область,22,unassigned,нет полного годового окна 2024,,,
145,Сергокалинский муниципальный район,Республика Дагестан,2,unassigned,нет полного годового окна 2024,,,
1471,городской округ Павловский Посад,Московская область,12,unassigned,нет полного годового окна 2024,,,
1487,городской округ Электрогорск,Московская область,12,unassigned,нет полного годового окна 2024,,,
1576,Батецкий муниципальный район,Новгородская область,9,unassigned,нет полного годового окна 2024,,,
158,городской округ город Магас,Республика Ингушетия,12,unassigned,нет полного годового окна 2024,,,
160,городской округ город Назрань,Республика Ингушетия,12,unassigned,нет полного годового окна 2024,,,
1684,Бузулукский муниципальный район,Оренбургская область,8,unassigned,нет полного годового окна 2024,,,
1695,Оренбургский муниципальный район,Оренбургская область,10,unassigned,нет полного годового окна 2024,,,
1713,Дмитровский муниципальный район,Орловская область,19,unassigned,нет полного годового окна 2024,,,
1716,Знаменский муниципальный район,Орловская область,3,unassigned,нет полного годового окна 2024,,,
172,Лескенский муниципальный район,Кабардино-Балкарская Республика,1,unassigned,нет полного годового окна 2024,,,
1720,Корсаковский муниципальный район,Орловская область,6,unassigned,нет полного годового окна 2024,,,
1721,Ливенский муниципальный район,Орловская область,12,unassigned,нет полного годового окна 2024,,,
1723,Мценский муниципальный район,Орловская область,10,unassigned,нет полного годового окна 2024,,,
1729,Сосковский муниципальный район,Орловская область,3,unassigned,нет полного годового окна 2024,,,
174,Прохладненский муниципальный район,Кабардино-Балкарская Республика,18,unassigned,не пройден порог запаса или калибровки,,,0.13302809792216924
176,Терский муниципальный район,Кабардино-Балкарская Республика,21,unassigned,не пройден порог запаса или калибровки,,,0.0511493234069647
1763,Шемышейский муниципальный район,Пензенская область,20,unassigned,нет полного годового окна 2024,,,
1767,Великолукский муниципальный район,Псковская область,18,unassigned,нет полного годового окна 2024,,,
177,Урванский муниципальный район,Кабардино-Балкарская Республика,12,unassigned,не пройден порог запаса или калибровки,,,0.08780466857054017
1772,Куньинский муниципальный район,Псковская область,3,unassigned,нет полного годового окна 2024,,,
1779,Палкинский муниципальный район,Псковская область,7,unassigned,нет полного годового окна 2024,,,
178,Чегемский муниципальный район,Кабардино-Балкарская Республика,5,unassigned,нет полного годового окна 2024,,,
1789,Усвятский муниципальный район,Псковская область,22,provisional,полный 2024; пройдена калибровка и порог запаса,0.0,"Низкие расходы, продовольственный профиль",0.6558140139076454
179,Эльбрусский муниципальный район,Кабардино-Балкарская Республика,21,unassigned,нет полного годового окна 2024,,,
183,Кетченеровский муниципальный район,Республика Калмыкия,7,unassigned,нет полного годового окна 2024,,,
1847,городской округ город Сасово,Рязанская область,12,unassigned,нет полного годового окна 2024,,,
186,Октябрьский муниципальный район,Республика Калмыкия,21,unassigned,не пройден порог запаса или калибровки,,,0.098584744992408
187,Приютненский муниципальный район,Республика Калмыкия,3,unassigned,нет полного годового окна 2024,,,
1882,городской округ Тольятти,Самарская область,12,unassigned,нет полного годового окна 2024,,,
189,Целинный муниципальный район,Республика Калмыкия,12,unassigned,нет полного годового окна 2024,,,
190,Черноземельский муниципальный район,Республика Калмыкия,18,unassigned,нет полного годового окна 2024,,,
1913,городской округ поселок Михайловский,Саратовская область,3,unassigned,нет полного годового окна 2024,,,
192,Яшалтинский муниципальный район,Республика Калмыкия,22,unassigned,нет полного годового окна 2024,,,
193,Яшкульский муниципальный район,Республика Калмыкия,22,unassigned,нет полного годового окна 2024,,,
1964,городской округ Северо-Курильский,Сахалинская область,17,unassigned,нет полного годового окна 2024,,,
197,Адыге-Хабльский муниципальный район,Карачаево-Черкесская Республика,21,unassigned,не пройден порог запаса или калибровки,,,0.002317934711014107
200,Малокарачаевский муниципальный район,Карачаево-Черкесская Республика,22,provisional,полный 2024; пройдена калибровка и порог запаса,1.0,Смешанная занятость и средние расходы,0.1552134932452697
2016,городской округ Махнёвское,Свердловская область,16,unassigned,нет полного годового окна 2024,,,
202,Прикубанский муниципальный район,Карачаево-Черкесская Республика,17,unassigned,не пройден порог запаса или калибровки,,,0.0855828033553837
2020,городской округ Верхнее Дуброво,Свердловская область,18,unassigned,нет полного годового окна 2024,,,
2026,городской округ Верх-Нейвинский,Свердловская область,14,unassigned,нет полного годового окна 2024,,,
2029,городской округ Горноуральский,Свердловская область,16,unassigned,нет полного годового окна 2024,,,
2038,городской округ Староуткинск,Свердловская область,3,unassigned,нет полного годового окна 2024,,,
2083,Кирсановский муниципальный район,Тамбовская область,17,unassigned,нет полного годового окна 2024,,,
2086,Моршанский муниципальный район,Тамбовская область,16,unassigned,нет полного годового окна 2024,,,
2092,Рассказовский муниципальный район,Тамбовская область,8,unassigned,нет полного годового окна 2024,,,
2099,Уваровский муниципальный район,Тамбовская область,19,provisional,полный 2024; пройдена калибровка и порог запаса,0.0,"Низкие расходы, продовольственный профиль",0.22313703462999432
2166,городской округ рабочий поселок Новогуровский,Тульская область,14,unassigned,нет полного годового окна 2024,,,
2170,городской округ Славный,Тульская область,17,provisional,полный 2024; пройдена калибровка и порог запаса,1.0,Смешанная занятость и средние расходы,0.28123269718374666
2209,Тобольский муниципальный район,Тюменская область,11,unassigned,нет полного годового окна 2024,,,
2214,Ялуторовский муниципальный район,Тюменская область,4,unassigned,нет полного годового окна 2024,,,
2261,Мелекесский муниципальный район,Ульяновская область,3,unassigned,нет полного годового окна 2024,,,
2263,Новомалыклинский муниципальный район,Ульяновская область,7,unassigned,нет полного годового окна 2024,,,
2273,Цильнинский муниципальный район,Ульяновская область,21,provisional,полный 2024; пройдена калибровка и порог запаса,0.0,"Низкие расходы, продовольственный профиль",0.5757762348282521
2291,Агаповский муниципальный район,Челябинская область,13,unassigned,нет полного годового окна 2024,,,
2346,городской округ Провиденский,Чукотский автономный округ,12,unassigned,нет полного годового окна 2024,,,
2347,городской округ Певек,Чукотский автономный округ,12,unassigned,нет полного годового окна 2024,,,
286,городской округ Саранск,Республика Мордовия,12,provisional,полный 2024; пройдена калибровка и порог запаса,2.0,Промышленность и сервисное потребление,0.7799669388639173
291,Большеигнатовский муниципальный район,Республика Мордовия,19,provisional,полный 2024; пройдена калибровка и порог запаса,0.0,"Низкие расходы, продовольственный профиль",0.5519065447278684
299,Кочкуровский муниципальный район,Республика Мордовия,3,unassigned,нет полного годового окна 2024,,,
3008,городской округ Химки,Московская область,12,provisional,полный 2024; пройдена калибровка и порог запаса,2.0,Промышленность и сервисное потребление,0.46083714617307997
3010,Тамбовский муниципальный район,Тамбовская область,12,unassigned,нет полного годового окна 2024,,,
3014,городской округ Павлово-Посадский,Московская область,10,unassigned,нет полного годового окна 2024,,,
310,городской округ Жатай,Республика Саха (Якутия),8,unassigned,нет полного годового окна 2024,,,
3101,Сасовский муниципальный округ,Рязанская область,10,unassigned,нет полного годового окна 2024,,,
311,Абыйский муниципальный район,Республика Саха (Якутия),23,unassigned,нет полного годового окна 2024,,,
313,Аллаиховский муниципальный район,Республика Саха (Якутия),15,unassigned,нет полного годового окна 2024,,,
315,Анабарский национальный (долгано-эвенкийский) муниципальный район,Республика Саха (Якутия),22,unassigned,нет полного годового окна 2024,,,
322,Жиганский муниципальный район,Республика Саха (Якутия),22,unassigned,нет полного годового окна 2024,,,
328,Момский муниципальный район,Республика Саха (Якутия),22,unassigned,нет полного годового окна 2024,,,
344,Эвено-Бытантайский национальный муниципальный район,Республика Саха (Якутия),10,unassigned,нет полного годового окна 2024,,,
350,Кировский муниципальный район,Республика Северная Осетия — Алания,1,unassigned,нет полного годового окна 2024,,,
353,Пригородный муниципальный район,Республика Северная Осетия — Алания,17,unassigned,не пройден порог запаса или калибровки,,,0.02371618305219846
389,Рыбно-Слободский муниципальный район,Республика Татарстан,23,provisional,полный 2024; пройдена калибровка и порог запаса,0.0,"Низкие расходы, продовольственный профиль",0.26875660393724016
394,Тукаевский муниципальный район,Республика Татарстан,3,unassigned,нет полного годового окна 2024,,,
406,Монгун-Тайгинский муниципальный район,Республика Тыва,1,unassigned,нет полного годового окна 2024,,,
409,Сут-Хольский муниципальный район,Республика Тыва,21,provisional,полный 2024; пройдена калибровка и порог запаса,3.0,Государственный сектор и умеренные расходы,0.2335393097842372
415,Чаа-Хольский муниципальный район,Республика Тыва,2,unassigned,нет полного годового окна 2024,,,
417,Эрзинский муниципальный район,Республика Тыва,8,unassigned,нет полного годового окна 2024,,,
426,муниципальный округ Воткинский район,Удмуртская Республика,10,unassigned,нет полного годового окна 2024,,,
439,муниципальный округ Можгинский район,Удмуртская Республика,3,unassigned,нет полного годового окна 2024,,,
461,городской округ город Грозный,Чеченская Республика,12,provisional,полный 2024; пройдена калибровка и порог запаса,2.0,Промышленность и сервисное потребление,0.4516146041521125
462,городской округ город Аргун,Чеченская Республика,6,unassigned,нет полного годового окна 2024,,,
466,Гудермесский муниципальный район,Чеченская Республика,4,unassigned,нет полного годового окна 2024,,,
469,Надтеречный муниципальный район,Чеченская Республика,3,unassigned,нет полного годового окна 2024,,,
474,Урус-Мартановский муниципальный район,Чеченская Республика,2,unassigned,нет полного годового окна 2024,,,
483,Алатырский муниципальный округ,Чувашская Республика,22,provisional,полный 2024; пройдена калибровка и порог запаса,0.0,"Низкие расходы, продовольственный профиль",0.4872637440343412
500,Шумерлинский муниципальный округ,Чувашская Республика,20,unassigned,нет полного годового окна 2024,,,
514,Алейский муниципальный район,Алтайский край,21,provisional,полный 2024; пройдена калибровка и порог запаса,0.0,"Низкие расходы, продовольственный профиль",0.5100620409243843
526,Заринский муниципальный район,Алтайский край,1,unassigned,нет полного годового окна 2024,,,
573,городской округ город Чита,Забайкальский край,12,unassigned,нет полного годового окна 2024,,,
576,Акшинский муниципальный район,Забайкальский край,12,unassigned,нет полного годового окна 2024,,,
577,Александрово-Заводский муниципальный район,Забайкальский край,12,unassigned,нет полного годового окна 2024,,,
590,Нерчинско-Заводский муниципальный район,Забайкальский край,12,unassigned,нет полного годового окна 2024,,,
597,Тунгокоченский муниципальный район,Забайкальский край,12,unassigned,нет полного годового окна 2024,,,
611,Быстринский муниципальный район,Камчатский край,22,unassigned,нет полного годового окна 2024,,,
620,Пенжинский муниципальный район,Камчатский край,5,unassigned,нет полного годового окна 2024,,,
64,Куюргазинский муниципальный район,Республика Башкортостан,17,unassigned,нет полного годового окна 2024,,,
681,городской округ поселок Кедровый,Красноярский край,18,unassigned,нет полного годового окна 2024,,,
688,Боготольский муниципальный район,Красноярский край,4,unassigned,нет полного годового окна 2024,,,
700,Канский муниципальный район,Красноярский край,3,unassigned,нет полного годового окна 2024,,,
709,Назаровский муниципальный район,Красноярский край,15,unassigned,нет полного годового окна 2024,,,
724,Шарыповский муниципальный округ,Красноярский край,21,provisional,полный 2024; пройдена калибровка и порог запаса,1.0,Смешанная занятость и средние расходы,0.3274173736207068
85,городской округ город Северобайкальск,Республика Бурятия,12,unassigned,нет полного годового окна 2024,,,
850,Комсомольский муниципальный район,Хабаровский край,10,unassigned,нет полного годового окна 2024,,,
858,Тугуро-Чумиканский муниципальный район,Хабаровский край,19,provisional,полный 2024; пройдена калибровка и порог запаса,4.0,Высокий уровень расходов и зарплат,0.7712264174644058
86,Баргузинский муниципальный район,Республика Бурятия,12,unassigned,нет полного годового окна 2024,,,
862,городской округ город Белогорск,Амурская область,12,unassigned,нет полного годового окна 2024,,,
863,городской округ город Зея,Амурская область,12,unassigned,нет полного годового окна 2024,,,
864,городской округ город Райчихинск,Амурская область,12,unassigned,нет полного годового окна 2024,,,
865,городской округ город Свободный,Амурская область,12,unassigned,нет полного годового окна 2024,,,
866,городской округ город Тында,Амурская область,12,unassigned,нет полного годового окна 2024,,,
867,городской округ город Шимановск,Амурская область,12,unassigned,нет полного годового окна 2024,,,
868,городской округ рабочий поселок (поселок городского типа) Прогресс,Амурская область,12,unassigned,нет полного годового окна 2024,,,
87,Баунтовский эвенкийский муниципальный район,Республика Бурятия,12,unassigned,нет полного годового окна 2024,,,
88,Бичурский муниципальный район,Республика Бурятия,12,unassigned,нет полного годового окна 2024,,,
887,Тамбовский муниципальный округ,Амурская область,12,unassigned,нет полного годового окна 2024,,,
89,Джидинский муниципальный район,Республика Бурятия,12,unassigned,нет полного годового окна 2024,,,
90,Еравнинский муниципальный район,Республика Бурятия,12,unassigned,нет полного годового окна 2024,,,
91,Заиграевский муниципальный район,Республика Бурятия,12,unassigned,нет полного годового окна 2024,,,
910,Пинежский муниципальный район,Архангельская область,12,unassigned,нет полного годового окна 2024,,,
92,Закаменский муниципальный район,Республика Бурятия,12,unassigned,нет полного годового окна 2024,,,
921,Володарский муниципальный район,Астраханская область,11,unassigned,нет полного годового окна 2024,,,
93,Иволгинский муниципальный район,Республика Бурятия,12,unassigned,нет полного годового окна 2024,,,
94,Кабанский муниципальный район,Республика Бурятия,12,unassigned,нет полного годового окна 2024,,,
95,Кижингинский муниципальный район,Республика Бурятия,12,unassigned,нет полного годового окна 2024,,,
96,Курумканский муниципальный район,Республика Бурятия,12,unassigned,нет полного годового окна 2024,,,
97,Кяхтинский муниципальный район,Республика Бурятия,12,unassigned,нет полного годового окна 2024,,,
98,Муйский муниципальный район,Республика Бурятия,12,unassigned,нет полного годового окна 2024,,,
99,Мухоршибирский муниципальный район,Республика Бурятия,12,unassigned,нет полного годового окна 2024,,,
997,Ковровский муниципальный район,Владимирская область,4,unassigned,нет полного годового окна 2024,,,
