month,null,index,value,null_mean,null_sd,z,p
2023-12,labels,SW,0.11370430999956352,-0.016051287113541778,0.004346784591212651,29.85093794285665,0.004975124378109453
2023-12,labels,CH,277.4587867443294,0.9849238508436917,0.27438081693009353,1007.6282518063857,0.004975124378109453
2023-12,labels,S_Dbw,0.7307262176670363,1.0005267159598674,0.006642788493069764,40.615548505524586,0.004975124378109453
2023-12,labels,AVI,0.8763051877993995,0.22395437898970305,0.004764017954053381,136.9329030587977,0.004975124378109453
2023-12,labels,AVU,0.11539781126784844,0.4000456167506644,0.003163276578591614,89.98511458633334,0.004975124378109453
2023-12,labels,ANUI,0.7958281047464922,0.20553415939758246,0.004051349155333496,145.70305411127055,0.004975124378109453
2023-12,labels,MQ,4.464161480384621,0.9909780924452886,0.030625127169070156,113.40959887780203,0.004975124378109453
2023-12,labels,Q,0.6626176586747174,-0.001838518670697057,0.006311483328131494,105.2773401584582,0.004975124378109453
2023-12,labels,AVI_ref,0.8928322960769242,0.1981956184890577,0.006125025433814031,113.4095988629894,0.004975124378109453
2023-12,labels,AVU_ref,0.6164880646838745,0.5475752491791973,0.0030389913920588637,-22.67621279286144,1.0
2023-12,labels,ANUI_ref,0.5758646266586391,0.17877651586410004,0.004979736953762497,79.74078036687737,0.004975124378109453
2023-12,labels,MQ_ref,4.464161480384621,0.9909780924452886,0.030625127169070152,113.40959887780204,0.004975124378109453
2023-12,region,SW,0.11370430999956352,-0.012994462923708263,0.0017693374108073542,71.60803365020733,0.004975124378109453
2023-12,region,CH,277.4587867443294,57.441496665708264,2.3407630775160215,93.99383140988614,0.004975124378109453
2023-12,region,S_Dbw,0.7307262176670363,0.9504761917114445,0.0052631349536062045,41.75267705269211,0.004975124378109453
2023-12,region,AVI,0.8763051877993995,0.36598387092745005,0.006502735977325003,78.47793891262977,0.004975124378109453
2023-12,region,AVU,0.11539781126784844,0.3995381356491115,0.004176829645435264,68.02775033541624,0.004975124378109453
2023-12,region,ANUI,0.7958281047464922,0.31929191543485325,0.005203808678126677,91.5745021954983,0.004975124378109453
2023-12,region,MQ,4.464161480384621,2.041194339017619,0.05071843273642287,47.772910371877536,0.004975124378109453
2023-12,region,Q,0.6626176586747174,0.19498361427918398,0.010137312450465188,46.129982343391646,0.004975124378109453
2023-12,region,AVI_ref,0.8928322960769242,0.4082388678035238,0.010143686547284576,47.77291036810982,0.004975124378109453
2023-12,region,AVU_ref,0.6164880646838745,0.5447486533964334,0.0027694388340025497,-25.90395223058792,1.0
2023-12,region,ANUI_ref,0.5758646266586391,0.3339427472469792,0.006909737444614354,35.01173254639494,0.004975124378109453
2023-12,region,MQ_ref,4.464161480384621,2.041194339017619,0.05071843273642287,47.772910371877536,0.004975124378109453
2023-12,config,AVI,0.8763051877993995,0.22565104449995713,0.005294016505871435,122.90368616246617,0.004975124378109453
2023-12,config,AVU,0.11539781126784844,0.4314524342384351,0.0037517939046252,84.24093404936625,0.004975124378109453
2023-12,config,ANUI,0.7958281047464922,0.20562760196229235,0.004523540181771866,130.47314248075182,0.004975124378109453
2023-12,config,MQ,4.464161480384621,0.9948165592576064,0.028905114980885424,120.02529390736628,0.004975124378109453
2023-12,config,Q,0.6626176586747174,-0.0010716853407457582,0.006101063947353508,108.78255819537391,0.004975124378109453
2023-12,config,AVI_ref,0.8928322960769242,0.19896331185152127,0.005781022996177085,120.02529389075671,0.004975124378109453
2023-12,config,AVU_ref,0.6164880646838745,0.5477336822651886,0.0015119153805693685,-45.475020134604925,1.0
2023-12,config,ANUI_ref,0.5758646266586391,0.17939788393419398,0.00470087147968259,84.3389878565402,0.004975124378109453
2023-12,config,MQ_ref,4.464161480384621,0.9948165592576065,0.028905114980885424,120.02529390736628,0.004975124378109453
2024-06,labels,SW,0.12137429013483166,-0.017744487449444128,0.006084888516421977,22.862995301550256,0.004975124378109453
2024-06,labels,CH,291.54427180389257,1.0169703836703627,0.31150998476622177,932.6420199253677,0.004975124378109453
2024-06,labels,S_Dbw,0.7245910336316795,1.0006362252984833,0.008744276885422028,31.568670028672383,0.004975124378109453
2024-06,labels,AVI,0.876303859413082,0.22805582215273015,0.004931323435912841,131.4551855203752,0.004975124378109453
2024-06,labels,AVU,0.11360337673683128,0.39868726746486627,0.0027827970956999255,102.44508701914035,0.004975124378109453
2024-06,labels,ANUI,0.7969651227334975,0.20904289695347217,0.004192583508864884,140.22910322398624,0.004975124378109453
2024-06,labels,MQ,4.471674747561298,0.9965809801102471,0.031585914138330805,110.02036389137973,0.004975124378109453
2024-06,labels,Q,0.6408618889456633,-0.0006396047809525649,0.006493925125510688,98.78486142498953,0.004975124378109453
2024-06,labels,AVI_ref,0.8943349495122597,0.1993161960220494,0.006317182827666161,110.02036387744688,0.004975124378109453
2024-06,labels,AVU_ref,0.6171305694713869,0.5427048983555177,0.004157061485843482,-17.903432833845734,1.0
2024-06,labels,ANUI_ref,0.5762759173037456,0.17984588372922375,0.005162597249156431,76.78887473984334,0.004975124378109453
2024-06,labels,MQ_ref,4.471674747561298,0.9965809801102471,0.0315859141383308,110.02036389137976,0.004975124378109453
2024-06,region,SW,0.12137429013483166,-0.01348446913938202,0.0014187166345657678,95.05686751916711,0.004975124378109453
2024-06,region,CH,291.54427180389257,54.089083768542935,2.3870092521617314,99.47811799229734,0.004975124378109453
2024-06,region,S_Dbw,0.7245910336316795,0.9583030429436786,0.005235435512221851,44.64041410151461,0.004975124378109453
2024-06,region,AVI,0.876303859413082,0.3548961301624466,0.006428260235210027,81.11179543005666,0.004975124378109453
2024-06,region,AVU,0.11360337673683128,0.4031939734763925,0.004115504399344566,70.36576044368111,0.004975124378109453
2024-06,region,ANUI,0.7969651227334975,0.3104665260465616,0.005149812129597092,94.46919311802722,0.004975124378109453
2024-06,region,MQ,4.471674747561298,2.00210561098084,0.05407345162271428,45.67063988749356,0.004975124378109453
2024-06,region,Q,0.6408618889456633,0.17503804917395524,0.011567170797675228,40.27119923093538,0.004975124378109453
2024-06,region,AVI_ref,0.8943349495122597,0.400421122196168,0.010814690324542854,45.67063988411514,0.004975124378109453
2024-06,region,AVU_ref,0.6171305694713869,0.533655839577764,0.0027596794563672913,-30.24798031190805,1.0
2024-06,region,ANUI_ref,0.5762759173037456,0.32988927341897906,0.0074159593010207445,33.22383980958871,0.004975124378109453
2024-06,region,MQ_ref,4.471674747561298,2.00210561098084,0.05407345162271428,45.67063988749356,0.004975124378109453
2024-06,config,AVI,0.876303859413082,0.2289762828925115,0.005719714486954167,113.17480582009037,0.004975124378109453
2024-06,config,AVU,0.11360337673683128,0.4353423920173729,0.0042557084495184255,75.60175209872465,0.004975124378109453
2024-06,config,ANUI,0.7969651227334975,0.208216114928791,0.00487179870343216,120.84838547805498,0.004975124378109453
2024-06,config,MQ,4.471674747561298,0.9985318464409161,0.03208796914715997,108.23816506067487,0.004975124378109453
2024-06,config,Q,0.6408618889456633,-0.00012692240365796362,0.00667310115609383,96.05561136562706,0.004975124378109453
2024-06,config,AVI_ref,0.8943349495122597,0.19970636928818322,0.006417593829431995,108.23816504718218,0.004975124378109453
2024-06,config,AVU_ref,0.6171305694713869,0.5447704163984122,0.0016732993344680254,-43.243997974059695,1.0
2024-06,config,ANUI_ref,0.5762759173037456,0.18009460411240893,0.005215234831516835,75.96615031046308,0.004975124378109453
2024-06,config,MQ_ref,4.471674747561298,0.9985318464409161,0.03208796914715997,108.23816506067487,0.004975124378109453
2024-12,labels,SW,0.12385174731777578,-0.017178926299932503,0.0049396297221444415,28.55085938059579,0.004975124378109453
2024-12,labels,CH,292.10882351636525,1.007727372951101,0.32379339469157353,899.0334605800124,0.004975124378109453
2024-12,labels,S_Dbw,0.7264551539687925,1.0015371188958941,0.009173567401444623,29.98636766475344,0.004975124378109453
2024-12,labels,AVI,0.8699976520371981,0.23501972014519615,0.00480951290075776,132.02541397901916,0.004975124378109453
2024-12,labels,AVU,0.11820227750785037,0.4029464571932179,0.0028570351100073365,99.6642213420234,0.004975124378109453
2024-12,labels,ANUI,0.7888733099252577,0.21468346850958142,0.004065648888468514,141.22956925843584,0.004975124378109453
2024-12,labels,MQ,4.415884166364209,0.9973775201046852,0.031992166102426965,106.85449166548736,0.004975124378109453
2024-12,labels,Q,0.6185484270410486,-0.0006732430282046458,0.006747938947912511,91.7645631884453,0.004975124378109453
2024-12,labels,AVI_ref,0.8831768332728418,0.199475504020937,0.006398433220485393,106.85449165212727,0.004975124378109453
2024-12,labels,AVU_ref,0.5803201481401803,0.5359425471580707,0.004003855184067347,-11.083717799689394,1.0
2024-12,labels,ANUI_ref,0.5839087961133601,0.18019386831384665,0.005224306113133189,77.27627726624847,0.004975124378109453
2024-12,labels,MQ_ref,4.415884166364209,0.9973775201046852,0.03199216610242697,106.85449166548733,0.004975124378109453
2024-12,region,SW,0.12385174731777578,-0.014073261022430615,0.0011955085645684502,115.3693183909767,0.004975124378109453
2024-12,region,CH,292.10882351636525,52.11105047135434,2.3791631770061366,100.87486867837103,0.004975124378109453
2024-12,region,S_Dbw,0.7264551539687925,0.9585429044420087,0.005613849073438709,41.342000362990014,0.004975124378109453
2024-12,region,AVI,0.8699976520371981,0.35748906056327795,0.006344094296125623,80.78514717319494,0.004975124378109453
2024-12,region,AVU,0.11820227750785037,0.4096923936654557,0.0043956153164872065,66.31383665398597,0.004975124378109453
2024-12,region,ANUI,0.7888733099252577,0.3118181340087975,0.005117056482038209,93.22843660174193,0.004975124378109453
2024-12,region,MQ,4.415884166364209,1.9560777465876538,0.04890801133026865,50.294549968829195,0.004975124378109453
2024-12,region,Q,0.6185484270410486,0.15369626698194888,0.00996635958096288,46.64212205431453,0.004975124378109453
2024-12,region,AVI_ref,0.8831768332728418,0.3912155493175307,0.00978160226605373,50.29454996471579,0.004975124378109453
2024-12,region,AVU_ref,0.5803201481401803,0.5154135701697737,0.0029792542772367524,-21.78618268489019,1.0
2024-12,region,ANUI_ref,0.5839087961133601,0.3255427619668946,0.006834253133476226,37.804574847119206,0.004975124378109453
2024-12,region,MQ_ref,4.415884166364209,1.9560777465876538,0.048908011330268654,50.29454996882919,0.004975124378109453
2024-12,config,AVI,0.8699976520371981,0.23601396126887877,0.005358100964225512,118.32246067831164,0.004975124378109453
2024-12,config,AVU,0.11820227750785037,0.4385047951748463,0.0036318684873596495,88.19221254667788,0.004975124378109453
2024-12,config,ANUI,0.7888733099252577,0.21387487781788894,0.004528530836333375,126.97240071041594,0.004975124378109453
2024-12,config,MQ,4.415884166364209,0.9965894958897096,0.031631364074550354,108.09823636779115,0.004975124378109453
2024-12,config,Q,0.6185484270410486,-0.0008702867223252106,0.006372469141548523,97.20230885506517,0.004975124378109453
2024-12,config,AVI_ref,0.8831768332728418,0.1993178991779419,0.006326272814910071,108.09823635412138,0.004975124378109453
2024-12,config,AVU_ref,0.5803201481401803,0.5364838041693157,0.0018652673925905175,-23.501372576122968,1.0
2024-12,config,ANUI_ref,0.5839087961133601,0.18004780365153653,0.005163747045837907,78.21083968648959,0.004975124378109453
2024-12,config,MQ_ref,4.415884166364209,0.9965894958897095,0.031631364074550354,108.09823636779115,0.004975124378109453
