K,type,name,n,ARI_mean,ARI_low,ARI_high,Jaccard_mean,Jaccard_low,Jaccard_high,resamples
3,0,"Низкие расходы, продовольственный профиль",993,0.8616534641863538,0.7815527186874504,0.9614338012582108,0.946675412757162,0.9091352600250628,0.9873580562105152,50
3,1,Смешанная занятость и средние расходы,397,0.8616534641863538,0.7815527186874504,0.9614338012582108,0.7637793057171023,0.5870833333333334,0.9366765848417224,50
3,2,Высокий уровень расходов,386,0.8616534641863538,0.7815527186874504,0.9614338012582108,0.8804557318824494,0.7991576086956522,0.9593353566496452,50
4,0,"Низкие расходы, продовольственный профиль",666,0.8409401504264848,0.5885439846252889,0.9411798162955852,0.9217910414662512,0.7795950428400085,0.9804809034702832,50
4,1,Смешанная занятость и средние расходы,617,0.8409401504264848,0.5885439846252889,0.9411798162955852,0.8510881642165705,0.5511944074356047,0.9479315190567588,50
4,2,Промышленность и сервисное потребление,354,0.8409401504264848,0.5885439846252889,0.9411798162955852,0.8983369353694027,0.8465890522875817,0.9583680762358546,50
4,3,Высокий уровень расходов и зарплат,139,0.8409401504264848,0.5885439846252889,0.9411798162955852,0.811951663081638,0.5224780547998991,0.937027665317139,50
5,0,"Низкие расходы, продовольственный профиль",564,0.8932036274316522,0.8309013921298702,0.9264084155478268,0.9425077811359512,0.8959202316792272,0.9657346806340966,50
5,1,Смешанная занятость и средние расходы,461,0.8932036274316522,0.8309013921298702,0.9264084155478268,0.8991977202080605,0.8328157698305853,0.9376448306595364,50
5,2,Промышленность и сервисное потребление,339,0.8932036274316522,0.8309013921298702,0.9264084155478268,0.919542732834028,0.8770270626366966,0.9529359430604982,50
5,3,Государственный сектор и умеренные расходы,284,0.8932036274316522,0.8309013921298702,0.9264084155478268,0.881198103045289,0.7634681533903884,0.9322947095098996,50
5,4,Высокий уровень расходов и зарплат,128,0.8932036274316522,0.8309013921298702,0.9264084155478268,0.900979150838294,0.8146401515151516,0.962821768949853,50
