factor,value,n,ARI,changed_share
spending_weight,0.25,1776,0.6407789816964926,0.1554054054054054
spending_weight,0.5,1776,1.0,0.16948198198198197
spending_weight,0.75,1776,0.7208133571654056,0.21058558558558557
neighbors,8,1776,0.92879769477509,0.17286036036036037
neighbors,15,1776,1.0,0.16948198198198197
neighbors,30,1776,0.9249321678236205,0.18299549549549549
smoothing_steps,0,1776,0.5746044073058292,0.059684684684684686
smoothing_steps,1,1776,1.0,0.16948198198198197
smoothing_steps,2,1776,0.910657383838555,0.1858108108108108
transition_penalty,0,1776,0.8549043693291664,0.26182432432432434
transition_penalty,0.5,1776,1.0,0.16948198198198197
transition_penalty,1.0,1776,0.9385569452314312,0.12443693693693694
seed,0,1776,0.9985902857761664,0.17004504504504506
seed,1,1776,0.9828795251943764,0.16722972972972974
seed,2,1776,0.9992746643233164,0.17060810810810811
seed,3,1776,0.968454390822366,0.17286036036036037
seed,4,1776,0.9815764617813579,0.1677927927927928
unreported_coordinate,excluded,1776,0.9230278139596346,0.1751126126126126
city_policy,original,1774,0.5127007991808619,0.14317925591882752
city_policy,drop,1774,0.9460377864771862,0.17531003382187146
window_months,3,1776,0.6481172612625967,0.4206081081081081
window_centering,level,1776,0.9174526150706775,0.16497747747747749
window_centering,all_spending,1776,0.7915044000847267,0.0777027027027027
