режим,метод,NMI,мигранты_0,мигранты_1,мигранты_2,ложных_смен
fe,GS-TKM (наш),0.8849777877669274,0.2644444444444444,0.6044444444444445,0.8044444444444444,0.026151515151515155
fe,GS-TKM λ=0 (без штрафа),0.8633600823939711,0.27555555555555555,0.6,0.7822222222222222,0.04930303030303031
fe,GS-TKM s=0 (без графа),0.6460177130000232,0.8266666666666665,0.8244444444444443,0.8177777777777777,0.010757575757575757
fe,общий k-means + Витерби,0.6460177130000232,0.8266666666666665,0.8244444444444443,0.8177777777777777,0.010757575757575757
fe,k-means по месяцам + Hungarian,0.6011993316815697,0.82,0.8244444444444443,0.7977777777777778,0.1501818181818182
fe,послед. сглаживание α=0.5,0.6091617182016762,0.42222222222222217,0.6644444444444444,0.74,0.06624242424242424
fe,послед. сглаживание AFFECT,0.6012028268099973,0.32222222222222224,0.5822222222222221,0.6933333333333334,0.061181818181818184
fe,temporal Leiden (только сеть),0.9021943784894768,0.07555555555555556,0.4822222222222222,0.8222222222222222,0.018818181818181817
no_fe,GS-TKM (наш),0.9162910267960094,0.2911111111111111,0.6822222222222223,0.8488888888888889,0.02087878787878788
no_fe,GS-TKM λ=0 (без штрафа),0.9111038941427427,0.28888888888888886,0.671111111111111,0.8422222222222222,0.02596969696969697
no_fe,GS-TKM s=0 (без графа),0.9974688362350828,1.0,0.9844444444444445,0.9755555555555556,0.0012424242424242426
no_fe,общий k-means + Витерби,0.9974688362350828,1.0,0.9844444444444445,0.9755555555555556,0.0012424242424242426
no_fe,k-means по месяцам + Hungarian,0.9892901688957119,1.0,0.9844444444444445,0.9711111111111113,0.006636363636363637
no_fe,послед. сглаживание α=0.5,0.9653069987286059,0.4844444444444445,0.9844444444444445,0.9777777777777779,0.011333333333333334
no_fe,послед. сглаживание AFFECT,0.7543045938494737,0.0,0.0044444444444444444,0.0044444444444444444,0.003939393939393939
no_fe,temporal Leiden (только сеть),0.9021943784894768,0.07555555555555556,0.4822222222222222,0.8222222222222222,0.018818181818181817
highnoise,GS-TKM (наш),0.8476842586444331,0.2777777777777778,0.5888888888888889,0.7577777777777778,0.04251515151515152
highnoise,GS-TKM λ=0 (без штрафа),0.7826293565628946,0.2955555555555555,0.5488888888888889,0.7066666666666667,0.11187878787878787
highnoise,GS-TKM s=0 (без графа),0.4836978855919667,0.6755555555555556,0.74,0.7555555555555555,0.10387878787878788
highnoise,общий k-means + Витерби,0.4836978855919667,0.6755555555555556,0.74,0.7555555555555555,0.10387878787878788
highnoise,k-means по месяцам + Hungarian,0.3167125597557631,0.5844444444444444,0.6088888888888888,0.5977777777777777,0.47321212121212114
highnoise,послед. сглаживание α=0.5,0.4477957799850669,0.37333333333333335,0.5777777777777777,0.6555555555555554,0.21742424242424244
highnoise,послед. сглаживание AFFECT,0.4600336584778194,0.2,0.40444444444444444,0.5266666666666667,0.14378787878787877
highnoise,temporal Leiden (только сеть),0.9021943784894768,0.07555555555555556,0.4822222222222222,0.8222222222222222,0.018818181818181817
drift,GS-TKM (наш),0.6175513710462972,0.2444444444444444,0.43111111111111117,0.49777777777777776,0.3517878787878788
drift,GS-TKM λ=0 (без штрафа),0.5871170565822805,0.29555555555555557,0.4022222222222222,0.4688888888888888,0.4544545454545455
drift,GS-TKM s=0 (без графа),0.5705934674836712,0.6355555555555557,0.6599999999999999,0.6511111111111111,0.1863939393939394
drift,общий k-means + Витерби,0.5705934674836712,0.6355555555555557,0.6599999999999999,0.6511111111111111,0.1863939393939394
drift,k-means по месяцам + Hungarian,0.8272582782802139,0.968888888888889,0.9266666666666665,0.9644444444444445,0.10427272727272727
drift,послед. сглаживание α=0.5,0.7472958128822118,0.6399999999999999,0.7977777777777779,0.9022222222222223,0.1066060606060606
drift,послед. сглаживание AFFECT,0.6199556140948526,0.20222222222222222,0.36444444444444446,0.54,0.09563636363636364
drift,temporal Leiden (только сеть),0.9014579094883033,0.09777777777777777,0.5022222222222222,0.8266666666666665,0.018727272727272724
knn_graph,GS-TKM (наш),0.6296941078889067,0.82,0.8266666666666665,0.8111111111111111,0.041666666666666664
knn_graph,GS-TKM λ=0 (без штрафа),0.5869366334705944,0.7911111111111111,0.8133333333333332,0.7955555555555556,0.15372727272727274
knn_graph,GS-TKM s=0 (без графа),0.6460177130000232,0.8266666666666665,0.8244444444444443,0.8177777777777777,0.010757575757575757
knn_graph,общий k-means + Витерби,0.6460177130000232,0.8266666666666665,0.8244444444444443,0.8177777777777777,0.010757575757575757
knn_graph,k-means по месяцам + Hungarian,0.6011993316815697,0.82,0.8244444444444443,0.7977777777777778,0.1501818181818182
knn_graph,послед. сглаживание α=0.5,0.6091617182016762,0.42222222222222217,0.6644444444444444,0.74,0.06624242424242424
knn_graph,послед. сглаживание AFFECT,0.6012028268099973,0.32222222222222224,0.5822222222222221,0.6933333333333334,0.061181818181818184
knn_graph,temporal Leiden (только сеть),0.5734938056695877,0.7488888888888889,0.7911111111111112,0.7866666666666667,0.11766666666666666
comp_graph,GS-TKM (наш),0.8746619891404241,0.9377777777777778,0.9155555555555555,0.9177777777777779,0.08409090909090909
comp_graph,GS-TKM λ=0 (без штрафа),0.8526632896008971,0.928888888888889,0.9111111111111111,0.9111111111111111,0.1043939393939394
comp_graph,GS-TKM s=0 (без графа),0.6460177130000232,0.8266666666666665,0.8244444444444443,0.8177777777777777,0.010757575757575757
comp_graph,общий k-means + Витерби,0.6460177130000232,0.8266666666666665,0.8244444444444443,0.8177777777777777,0.010757575757575757
comp_graph,k-means по месяцам + Hungarian,0.6011993316815697,0.82,0.8244444444444443,0.7977777777777778,0.1501818181818182
comp_graph,послед. сглаживание α=0.5,0.6091617182016762,0.42222222222222217,0.6644444444444444,0.74,0.06624242424242424
comp_graph,послед. сглаживание AFFECT,0.6012028268099973,0.32222222222222224,0.5822222222222221,0.6933333333333334,0.061181818181818184
comp_graph,temporal Leiden (только сеть),0.8905902977716,0.9333333333333333,0.9377777777777778,0.9377777777777778,0.07127272727272727
