source_tid,analysis_tid,region
2462,city-moscow,Москва
2463,city-moscow,Москва
2464,city-moscow,Москва
2465,city-moscow,Москва
2466,city-moscow,Москва
2467,city-moscow,Москва
2468,city-moscow,Москва
2469,city-moscow,Москва
2470,city-moscow,Москва
2471,city-moscow,Москва
2472,city-moscow,Москва
2473,city-moscow,Москва
2474,city-moscow,Москва
2475,city-moscow,Москва
2476,city-moscow,Москва
2477,city-moscow,Москва
2478,city-moscow,Москва
2479,city-moscow,Москва
2480,city-moscow,Москва
2481,city-moscow,Москва
2482,city-moscow,Москва
2483,city-moscow,Москва
2484,city-moscow,Москва
2485,city-moscow,Москва
2486,city-moscow,Москва
2487,city-moscow,Москва
2488,city-moscow,Москва
2489,city-moscow,Москва
2490,city-moscow,Москва
2491,city-moscow,Москва
2492,city-moscow,Москва
2493,city-moscow,Москва
2494,city-moscow,Москва
2495,city-moscow,Москва
2496,city-moscow,Москва
2497,city-moscow,Москва
2498,city-moscow,Москва
2499,city-moscow,Москва
2500,city-moscow,Москва
2501,city-moscow,Москва
2502,city-moscow,Москва
2503,city-moscow,Москва
2504,city-moscow,Москва
2505,city-moscow,Москва
2506,city-moscow,Москва
2507,city-moscow,Москва
2508,city-moscow,Москва
2509,city-moscow,Москва
2510,city-moscow,Москва
2511,city-moscow,Москва
2512,city-moscow,Москва
2513,city-moscow,Москва
2514,city-moscow,Москва
2515,city-moscow,Москва
2516,city-moscow,Москва
2517,city-moscow,Москва
2518,city-moscow,Москва
2519,city-moscow,Москва
2520,city-moscow,Москва
2521,city-moscow,Москва
2522,city-moscow,Москва
2523,city-moscow,Москва
2524,city-moscow,Москва
2525,city-moscow,Москва
2526,city-moscow,Москва
2527,city-moscow,Москва
2528,city-moscow,Москва
2529,city-moscow,Москва
2530,city-moscow,Москва
2531,city-moscow,Москва
2532,city-moscow,Москва
2533,city-moscow,Москва
2534,city-moscow,Москва
2535,city-moscow,Москва
2536,city-moscow,Москва
2537,city-moscow,Москва
2538,city-moscow,Москва
2539,city-moscow,Москва
2540,city-moscow,Москва
2541,city-moscow,Москва
2542,city-moscow,Москва
2543,city-moscow,Москва
2544,city-moscow,Москва
2545,city-moscow,Москва
2546,city-moscow,Москва
2547,city-moscow,Москва
2548,city-moscow,Москва
2549,city-moscow,Москва
2550,city-moscow,Москва
2551,city-moscow,Москва
2552,city-moscow,Москва
2553,city-moscow,Москва
2554,city-moscow,Москва
2555,city-moscow,Москва
2556,city-moscow,Москва
2557,city-moscow,Москва
2558,city-moscow,Москва
2559,city-moscow,Москва
2560,city-moscow,Москва
2561,city-moscow,Москва
2562,city-moscow,Москва
2563,city-moscow,Москва
2564,city-moscow,Москва
2565,city-moscow,Москва
2566,city-moscow,Москва
2567,city-moscow,Москва
2568,city-moscow,Москва
2569,city-moscow,Москва
2570,city-moscow,Москва
2571,city-moscow,Москва
2572,city-moscow,Москва
2573,city-moscow,Москва
2574,city-moscow,Москва
2575,city-moscow,Москва
2576,city-moscow,Москва
2577,city-moscow,Москва
2578,city-moscow,Москва
2579,city-moscow,Москва
2580,city-moscow,Москва
2581,city-moscow,Москва
2582,city-moscow,Москва
2583,city-moscow,Москва
2584,city-moscow,Москва
2585,city-moscow,Москва
2586,city-moscow,Москва
2587,city-moscow,Москва
2588,city-moscow,Москва
2589,city-moscow,Москва
2590,city-moscow,Москва
2591,city-moscow,Москва
2592,city-moscow,Москва
2593,city-moscow,Москва
2594,city-moscow,Москва
2595,city-moscow,Москва
2596,city-moscow,Москва
2597,city-moscow,Москва
2598,city-moscow,Москва
2599,city-moscow,Москва
2600,city-moscow,Москва
2601,city-moscow,Москва
2602,city-moscow,Москва
2603,city-moscow,Москва
2604,city-moscow,Москва
2605,city-moscow,Москва
2606,city-moscow,Москва
2607,city-moscow,Москва
2351,city-spb,Санкт-Петербург
2352,city-spb,Санкт-Петербург
2353,city-spb,Санкт-Петербург
2354,city-spb,Санкт-Петербург
2355,city-spb,Санкт-Петербург
2356,city-spb,Санкт-Петербург
2357,city-spb,Санкт-Петербург
2358,city-spb,Санкт-Петербург
2359,city-spb,Санкт-Петербург
2360,city-spb,Санкт-Петербург
2361,city-spb,Санкт-Петербург
2362,city-spb,Санкт-Петербург
2363,city-spb,Санкт-Петербург
2364,city-spb,Санкт-Петербург
2365,city-spb,Санкт-Петербург
2366,city-spb,Санкт-Петербург
2367,city-spb,Санкт-Петербург
2368,city-spb,Санкт-Петербург
2369,city-spb,Санкт-Петербург
2370,city-spb,Санкт-Петербург
2371,city-spb,Санкт-Петербург
2372,city-spb,Санкт-Петербург
2373,city-spb,Санкт-Петербург
2374,city-spb,Санкт-Петербург
2375,city-spb,Санкт-Петербург
2376,city-spb,Санкт-Петербург
2377,city-spb,Санкт-Петербург
2378,city-spb,Санкт-Петербург
2379,city-spb,Санкт-Петербург
2380,city-spb,Санкт-Петербург
2381,city-spb,Санкт-Петербург
2382,city-spb,Санкт-Петербург
2383,city-spb,Санкт-Петербург
2384,city-spb,Санкт-Петербург
2385,city-spb,Санкт-Петербург
2386,city-spb,Санкт-Петербург
2387,city-spb,Санкт-Петербург
2388,city-spb,Санкт-Петербург
2389,city-spb,Санкт-Петербург
2390,city-spb,Санкт-Петербург
2391,city-spb,Санкт-Петербург
2392,city-spb,Санкт-Петербург
2393,city-spb,Санкт-Петербург
2394,city-spb,Санкт-Петербург
2395,city-spb,Санкт-Петербург
2397,city-spb,Санкт-Петербург
2398,city-spb,Санкт-Петербург
2399,city-spb,Санкт-Петербург
2400,city-spb,Санкт-Петербург
2401,city-spb,Санкт-Петербург
2402,city-spb,Санкт-Петербург
2403,city-spb,Санкт-Петербург
2404,city-spb,Санкт-Петербург
2405,city-spb,Санкт-Петербург
2406,city-spb,Санкт-Петербург
2407,city-spb,Санкт-Петербург
2408,city-spb,Санкт-Петербург
2409,city-spb,Санкт-Петербург
2410,city-spb,Санкт-Петербург
2411,city-spb,Санкт-Петербург
2412,city-spb,Санкт-Петербург
2416,city-spb,Санкт-Петербург
2422,city-spb,Санкт-Петербург
2423,city-spb,Санкт-Петербург
2424,city-spb,Санкт-Петербург
2425,city-spb,Санкт-Петербург
2426,city-spb,Санкт-Петербург
2427,city-spb,Санкт-Петербург
2428,city-spb,Санкт-Петербург
2429,city-spb,Санкт-Петербург
2430,city-spb,Санкт-Петербург
2431,city-spb,Санкт-Петербург
2432,city-spb,Санкт-Петербург
2433,city-spb,Санкт-Петербург
2434,city-spb,Санкт-Петербург
2435,city-spb,Санкт-Петербург
2436,city-spb,Санкт-Петербург
2437,city-spb,Санкт-Петербург
2439,city-spb,Санкт-Петербург
2440,city-spb,Санкт-Петербург
2441,city-spb,Санкт-Петербург
2442,city-spb,Санкт-Петербург
2443,city-spb,Санкт-Петербург
2444,city-spb,Санкт-Петербург
2445,city-spb,Санкт-Петербург
2446,city-spb,Санкт-Петербург
2447,city-spb,Санкт-Петербург
2448,city-spb,Санкт-Петербург
2449,city-spb,Санкт-Петербург
2450,city-spb,Санкт-Петербург
2451,city-spb,Санкт-Петербург
2452,city-spb,Санкт-Петербург
2453,city-spb,Санкт-Петербург
2454,city-spb,Санкт-Петербург
2455,city-spb,Санкт-Петербург
2456,city-spb,Санкт-Петербург
2457,city-spb,Санкт-Петербург
2458,city-spb,Санкт-Петербург
2459,city-spb,Санкт-Петербург
2460,city-spb,Санкт-Петербург
2461,city-spb,Санкт-Петербург
