tid,month,name,region,from,to,censored,persists_3_endpoints,subsample_agreement,signed_margin,trajectory_support_lower_bound,robust_descriptive
1161,2024-01,Тайшетский муниципальный район,Иркутская область,4,1,False,True,0.358974358974359,0.06608824008489998,0.2051282051282053,False
1232,2024-01,городской округ Мысковский,Кемеровская область,4,1,False,True,0.15384615384615385,0.11753866264639504,0.0,False
677,2024-01,городской округ город Назарово,Красноярский край,1,4,False,True,0.3488372093023256,0.003407256116527479,0.0,False
789,2024-01,Кавалеровский муниципальный округ,Приморский край,4,3,False,True,0.7435897435897436,0.011593108126565,0.0,False
1131,2024-02,Шуйский муниципальный район,Ивановская область,3,1,False,True,0.75,0.1412639550637965,0.5499999999999998,False
1147,2024-02,Жигаловский муниципальный район,Иркутская область,3,1,False,True,0.2894736842105263,0.02772321762852197,0.0,False
1225,2024-02,городской округ Анжеро-Судженский,Кемеровская область,3,1,False,True,0.19047619047619047,0.06880151003752483,0.0,False
1260,2024-02,городской округ город Кирово-Чепецк,Кировская область,2,1,False,True,0.225,0.10179091157860441,0.0,False
1265,2024-02,муниципальный округ Афанасьевский,Кировская область,3,1,False,True,0.525,0.011094456942914763,0.0,False
1268,2024-02,муниципальный округ Верхнекамский,Кировская область,3,0,False,True,0.975609756097561,0.1280207089344262,0.7560975609756095,True
1510,2024-02,муниципальный округ город Оленегорск,Мурманская область,4,1,False,True,0.5,0.029698648761989868,0.0,False
1532,2024-02,городской округ Семеновский,Нижегородская область,3,0,False,True,0.8333333333333334,0.05007597329969036,0.7222222222222223,False
1533,2024-02,городской округ город Шахунья,Нижегородская область,3,0,False,True,0.6842105263157895,0.01109145609789684,0.26315789473684204,False
1624,2024-02,Татарский муниципальный район,Новосибирская область,3,1,False,True,0.925,0.05050365650112159,0.7999999999999998,True
1633,2024-02,Азовский немецкий национальный муниципальный район,Омская область,3,1,False,True,0.6923076923076923,0.027804890188050706,0.23076923076923084,False
2019,2024-02,городской округ Белоярский,Свердловская область,4,1,False,True,0.5526315789473685,-0.0035995829025021577,0.42105263157894735,False
2028,2024-02,городской округ Новолялинский,Свердловская область,3,0,False,True,1.0,0.07860367037272306,0.44736842105263186,False
2311,2024-02,Саткинский муниципальный район,Челябинская область,1,2,False,True,0.7804878048780488,0.015033772712599754,0.0,False
2316,2024-02,Чебаркульский муниципальный район,Челябинская область,3,1,False,True,0.7073170731707317,0.033359783247475204,0.26829268292682906,False
689,2024-02,Богучанский муниципальный район,Красноярский край,4,1,False,True,0.9393939393939394,0.2445045986757947,0.5454545454545454,False
692,2024-02,Дзержинский муниципальный район,Красноярский край,3,0,False,True,1.0,0.07766643127048066,0.3250000000000002,False
747,2024-02,городской округ Красновишерский,Пермский край,3,0,False,True,0.7317073170731707,0.0221198997615729,0.17073170731707332,False
1009,2024-03,городской округ город Камышин,Волгоградская область,1,2,False,True,1.0,0.5758475098250722,0.027027027027027195,False
1158,2024-03,Нижнеудинский муниципальный район,Иркутская область,3,1,False,True,0.8536585365853658,0.04318779332635845,0.7317073170731705,False
1227,2024-03,городской округ Березовский,Кемеровская область,4,1,False,True,0.3157894736842105,0.04123335044632979,0.02631578947368407,False
1251,2024-03,Тисульский муниципальный округ,Кемеровская область,3,0,False,True,0.8823529411764706,0.10077091829344398,0.7058823529411766,False
1267,2024-03,муниципальный округ Богородский,Кировская область,3,0,False,True,0.8095238095238095,0.02679366605453666,0.6428571428571428,False
1414,2024-03,Данковский муниципальный район,Липецкая область,0,1,False,True,0.9069767441860465,0.19816152838649526,0.6046511627906979,False
1611,2024-03,Колыванский муниципальный район,Новосибирская область,3,0,False,True,0.8974358974358975,0.08032203487109683,0.3076923076923075,False
1618,2024-03,Маслянинский муниципальный район,Новосибирская область,3,0,False,True,0.5555555555555556,0.004698510642293261,0.4722222222222223,False
1644,2024-03,Марьяновский муниципальный район,Омская область,3,0,False,True,0.6904761904761905,0.04690578311186576,0.16666666666666696,False
1730,2024-03,Троснянский муниципальный район,Орловская область,3,0,False,True,0.7380952380952381,0.02862180052052016,0.09523809523809534,False
1947,2024-03,Советский муниципальный район,Саратовская область,0,1,False,True,0.7435897435897436,0.04952927254159124,0.23076923076923084,False
1948,2024-03,Татищевский муниципальный район,Саратовская область,3,0,False,True,0.6444444444444445,0.03866560866476484,0.06666666666666687,False
1988,2024-03,городской округ Карпинск,Свердловская область,4,1,False,True,1.0,0.19112617684660674,0.8500000000000001,True
2008,2024-03,городской округ Режевской,Свердловская область,4,1,False,True,0.7428571428571429,0.06345596289754084,0.05714285714285694,False
2012,2024-03,городской округ Тавдинский,Свердловская область,3,1,False,True,0.8222222222222222,0.04283892939289548,0.3111111111111109,False
2047,2024-03,Вяземский муниципальный район,Смоленская область,2,1,False,True,0.3333333333333333,0.04538897305655604,0.0,False
2061,2024-03,Руднянский муниципальный район,Смоленская область,3,0,False,True,0.975609756097561,0.23798204541656165,0.9024390243902438,True
22,2024-03,городской округ город Агидель,Республика Башкортостан,3,1,False,True,1.0,0.1830831470590685,0.5714285714285712,False
2219,2024-03,городской округ город Мегион,Ханты-Мансийский автономный округ — Югра,4,2,False,True,0.5789473684210527,0.02494216451531362,0.0,False
2235,2024-03,Советский муниципальный район,Ханты-Мансийский автономный округ — Югра,4,2,False,True,0.38461538461538464,0.016759026573738036,0.0,False
2286,2024-03,городской округ Троицкий,Челябинская область,3,1,False,True,0.3333333333333333,0.039723676457243756,0.0,False
2317,2024-03,Чесменский муниципальный район,Челябинская область,3,0,False,True,0.8611111111111112,0.06669995185519702,0.16666666666666652,False
236,2024-03,муниципальный район Сосногорск,Республика Коми,4,1,False,True,0.8205128205128205,0.07110651731746433,0.07692307692307665,False
370,2024-03,Верхнеуслонский муниципальный район,Республика Татарстан,2,1,False,True,0.7073170731707317,0.07006323434375088,0.14634146341463383,False
440,2024-03,муниципальный округ Сарапульский район,Удмуртская Республика,3,1,False,True,0.3333333333333333,0.0045223660361458536,0.07692307692307665,False
489,2024-03,Козловский муниципальный округ,Чувашская Республика,3,0,False,True,0.6052631578947368,0.025213773121092846,0.0,False
558,2024-03,Табунский муниципальный район,Алтайский край,3,0,False,True,0.8,0.04551376063119432,0.20000000000000018,False
559,2024-03,Тальменский муниципальный район,Алтайский край,3,1,False,True,0.5714285714285714,0.020113949227368512,0.35714285714285676,False
585,2024-03,муниципальный район Город Краснокаменск и Краснокаменский район,Забайкальский край,4,1,False,True,0.0,0.03159710691113519,0.0,False
685,2024-03,Балахтинский муниципальный район,Красноярский край,3,1,False,True,0.2553191489361702,0.019071573765756977,0.17021276595744705,False
798,2024-03,Пограничный муниципальный округ,Приморский край,3,1,False,True,0.8809523809523809,0.028848156095726888,0.5476190476190479,False
909,2024-03,Онежский муниципальный район,Архангельская область,4,1,False,True,0.9230769230769231,0.17504030846935162,0.4871794871794872,False
1068,2024-04,Устюженский муниципальный округ,Вологодская область,3,1,False,True,0.8604651162790697,0.09177963945201338,0.6046511627906979,False
1109,2024-04,городской округ Кинешма,Ивановская область,3,2,False,True,0.90625,0.27411307948626856,0.3125,False
1128,2024-04,Савинский муниципальный район,Ивановская область,0,1,False,True,0.7837837837837838,0.08617842702896424,0.5675675675675675,False
1241,2024-04,Гурьевский муниципальный округ,Кемеровская область,3,1,False,True,0.7619047619047619,0.0387833206514454,0.5714285714285716,False
1278,2024-04,муниципальный округ Лебяжский,Кировская область,3,0,False,True,0.5675675675675675,0.002510957054599225,0.0,False
1297,2024-04,муниципальный округ Унинский,Кировская область,3,0,False,True,0.9761904761904762,0.10988812882928599,0.6190476190476191,False
1473,2024-04,городской округ Протвино,Московская область,2,1,False,True,0.3170731707317073,0.03938844628354679,0.0,False
1619,2024-04,Мошковский муниципальный район,Новосибирская область,3,1,False,True,0.8,0.03312658403700191,0.7250000000000001,False
1658,2024-04,Таврический муниципальный район,Омская область,3,1,False,True,0.9302325581395349,0.061823833386993744,0.30232558139534893,False
1682,2024-04,Беляевский муниципальный район,Оренбургская область,3,1,False,True,0.7954545454545454,0.03563214954710062,0.5227272727272725,False
1879,2024-04,городской округ Отрадный,Самарская область,1,2,False,True,0.7560975609756098,0.006878972188528563,0.0,False
1987,2024-04,городской округ Камышловский,Свердловская область,4,3,False,True,0.4418604651162791,0.01752325408430002,0.0,False
2036,2024-04,городской округ Туринский,Свердловская область,3,0,False,False,0.35,0.05137894041272985,0.0,False
2040,2024-04,Камышловский муниципальный район,Свердловская область,4,2,False,True,0.41025641025641024,0.04201832165360931,0.0,False
2064,2024-04,Сычевский муниципальный район,Смоленская область,0,1,False,True,0.8095238095238095,0.12153473981154622,0.45238095238095255,False
2074,2024-04,городской округ город Мичуринск,Тамбовская область,3,1,False,True,0.07894736842105263,0.005025916648704583,0.0,False
2100,2024-04,Умётский муниципальный район,Тамбовская область,0,1,False,True,0.4634146341463415,0.033447871111178654,0.0,False
2171,2024-04,Арсеньевский муниципальный район,Тульская область,0,1,False,True,1.0,0.3235648568018856,0.2051282051282053,False
2205,2024-04,Нижнетавдинский муниципальный район,Тюменская область,3,0,False,True,0.8095238095238095,0.03455887487832323,0.5952380952380953,False
2224,2024-04,городской округ город Пыть-Ях,Ханты-Мансийский автономный округ — Югра,4,2,False,True,0.5348837209302325,0.11431485760096967,0.0,False
2243,2024-04,городской округ город Ноябрьск,Ямало-Ненецкий автономный округ,4,2,False,True,0.6875,0.03833911988392627,0.0,False
2296,2024-04,Верхнеуральский муниципальный район,Челябинская область,3,1,False,True,0.8048780487804879,0.07608348572852773,0.3658536585365857,False
2299,2024-04,Карталинский муниципальный район,Челябинская область,3,1,False,True,0.775,0.020136389520989166,0.125,False
2300,2024-04,Каслинский муниципальный район,Челябинская область,3,0,False,True,0.926829268292683,0.08332978718839489,0.24390243902439046,False
2301,2024-04,Катав-Ивановский муниципальный район,Челябинская область,0,1,False,True,0.4838709677419355,0.00018258105401724857,0.0,False
2314,2024-04,Увельский муниципальный район,Челябинская область,3,1,False,True,0.9047619047619048,0.07208210806079804,0.4761904761904763,False
233,2024-04,Корткеросский муниципальный район,Республика Коми,3,0,False,True,0.5609756097560976,0.023721249721267094,0.0,False
2883,2024-04,муниципальный округ Кимрский,Тверская область,1,2,False,True,0.7142857142857143,0.04678883139007539,0.0,False
298,2024-04,Ковылкинский муниципальный район,Республика Мордовия,1,0,False,True,0.6578947368421053,0.01750331631251237,0.0,False
3007,2024-04,Прокопьевский муниципальный округ,Кемеровская область,3,1,False,True,0.5405405405405406,0.06157211962205804,0.40540540540540526,False
356,2024-04,Агрызский муниципальный район,Республика Татарстан,3,1,False,True,1.0,0.0871788583803776,0.4883720930232558,False
360,2024-04,Алексеевский муниципальный район,Республика Татарстан,3,1,False,True,0.825,0.0555844036639359,0.3250000000000002,False
543,2024-04,Павловский муниципальный район,Алтайский край,3,1,False,True,0.6136363636363636,0.002668462497048145,0.5,False
550,2024-04,Романовский муниципальный район,Алтайский край,3,0,False,True,0.9375,0.028994280356670895,0.0625,False
737,2024-04,муниципальный округ Большесосновский,Пермский край,3,0,False,True,0.475,0.010279546226933035,0.4500000000000002,False
746,2024-04,муниципальный округ Кишертский,Пермский край,3,0,False,True,0.9230769230769231,0.0553742788760735,0.17948717948717974,False
749,2024-04,муниципальный округ Куединский,Пермский край,3,0,False,True,0.5609756097560976,0.015148748219840448,0.0,False
767,2024-04,городской округ Чусовской,Пермский край,4,1,False,True,0.7727272727272727,0.05982610624745677,0.3636363636363633,False
778,2024-04,городской округ Большой Камень,Приморский край,4,2,False,True,0.4634146341463415,0.020966568524767238,0.12195121951219523,False
81,2024-04,Чишминский муниципальный район,Республика Башкортостан,3,2,False,True,0.7105263157894737,0.07877052265979073,0.34210526315789513,False
826,2024-04,Александровский муниципальный округ,Ставропольский край,3,0,False,True,0.75,0.055395395890349176,0.0,False
912,2024-04,Приморский муниципальный район,Архангельская область,4,2,False,True,0.45,0.025600915573639166,0.0,False
1052,2024-05,Верховажский муниципальный округ,Вологодская область,3,0,False,True,0.5609756097560976,0.01791858520486351,0.0,False
1147,2024-05,Жигаловский муниципальный район,Иркутская область,1,2,False,True,0.8947368421052632,0.01144755248032785,0.052631578947368585,False
1151,2024-05,Казачинско-Ленский муниципальный район,Иркутская область,4,1,False,True,0.6842105263157895,0.08987459970084677,0.3421052631578947,False
1232,2024-05,городской округ Мысковский,Кемеровская область,1,4,False,True,0.8461538461538461,0.11765003543800548,0.0769230769230771,False
1337,2024-05,Варгашинский муниципальный район,Курганская область,3,0,False,True,0.7435897435897436,0.016362705309342966,0.0,False
1356,2024-05,муниципальный округ Шумихинский,Курганская область,3,0,False,True,0.8709677419354839,0.0915574396799694,0.032258064516129004,False
1639,2024-05,Калачинский муниципальный район,Омская область,3,0,False,True,0.5833333333333334,0.034620002264696394,0.0,False
1696,2024-05,Первомайский муниципальный район,Оренбургская область,3,0,False,True,0.8333333333333334,0.008516566675604529,0.5555555555555558,False
1785,2024-05,Пушкиногорский муниципальный район,Псковская область,0,1,False,True,0.875,0.018817941918430114,0.6000000000000001,False
194,2024-05,городской округ Черкесский,Карачаево-Черкесская Республика,3,1,False,True,0.18181818181818182,0.013309120566412836,0.0,False
2113,2024-05,Бологовский муниципальный район,Тверская область,0,1,False,True,0.6486486486486487,0.00618968874387401,0.10810810810810789,False
2155,2024-05,Колпашевский муниципальный район,Томская область,3,1,False,True,0.95,0.07308722376333837,0.8500000000000001,True
2163,2024-05,Шегарский муниципальный район,Томская область,3,0,False,True,0.8372093023255814,0.03879542862118046,0.023255813953488413,False
2206,2024-05,Омутинский муниципальный район,Тюменская область,3,0,False,True,0.8636363636363636,0.04113626510586187,0.18181818181818166,False
2231,2024-05,Кондинский муниципальный район,Ханты-Мансийский автономный округ — Югра,4,1,False,True,0.5348837209302325,0.04673050775785731,0.06976744186046524,False
2274,2024-05,Чердаклинский муниципальный район,Ульяновская область,3,1,False,True,0.875,0.10326005816177018,0.7250000000000001,False
2305,2024-05,Кунашакский муниципальный район,Челябинская область,3,0,False,True,0.575,0.020560014725413682,0.3250000000000002,False
284,2024-05,Советский муниципальный район,Республика Марий Эл,3,1,False,True,0.9302325581395349,0.030867407072948737,0.2325581395348837,False
392,2024-05,Спасский муниципальный район,Республика Татарстан,1,0,False,True,0.6363636363636364,0.09939372117127523,0.2954545454545454,False
397,2024-05,Чистопольский муниципальный район,Республика Татарстан,3,2,False,True,0.7073170731707317,0.04501010647254052,0.0,False
456,2024-05,Боградский муниципальный район,Республика Хакасия,3,0,False,True,1.0,0.08848332040928235,0.4761904761904763,False
512,2024-05,городской округ город Яровое,Алтайский край,3,1,False,True,0.8421052631578947,0.01978293275013919,0.3157894736842106,False
518,2024-05,Благовещенский муниципальный район,Алтайский край,3,1,False,True,0.8536585365853658,0.04135970089093351,0.41463414634146334,False
531,2024-05,Косихинский муниципальный район,Алтайский край,3,0,False,True,0.5348837209302325,0.065095184198218,0.0,False
561,2024-05,Топчихинский муниципальный район,Алтайский край,3,1,False,True,0.8444444444444444,0.07192198906648331,0.5777777777777775,False
580,2024-05,Газимуро-Заводский муниципальный район,Забайкальский край,3,4,False,True,0.40540540540540543,0.04065654598957997,0.0,False
696,2024-05,Идринский муниципальный район,Красноярский край,3,0,False,True,0.8484848484848485,0.05548149983855056,0.06060606060606055,False
717,2024-05,Сухобузимский муниципальный район,Красноярский край,3,0,False,True,0.7631578947368421,0.021092612737929457,0.0,False
743,2024-05,городской округ Ильинский,Пермский край,3,1,False,True,0.9047619047619048,0.04259585455056259,0.26190476190476186,False
755,2024-05,городской округ Оханский,Пермский край,3,0,False,True,0.782608695652174,0.0069142911363332255,0.3913043478260869,False
776,2024-05,городской округ Арсеньевский,Приморский край,4,2,False,True,0.5227272727272727,0.03676377386149906,0.0,False
779,2024-05,городской округ Дальнегорский,Приморский край,3,4,False,True,0.5952380952380952,0.06059469045505822,0.0,False
794,2024-05,Надеждинский муниципальный район,Приморский край,4,2,False,True,0.8205128205128205,0.2142453401420835,0.641025641025641,False
806,2024-05,Чугуевский муниципальный округ,Приморский край,4,3,False,True,0.5277777777777778,0.07301101192201448,0.0,False
808,2024-05,Яковлевский муниципальный район,Приморский край,3,0,False,True,0.6216216216216216,0.02569471121332115,0.0,False
832,2024-05,Кочубеевский муниципальный округ,Ставропольский край,0,1,False,True,0.21428571428571427,0.01453784922936778,0.0,False
907,2024-05,Мезенский муниципальный округ,Архангельская область,3,1,False,True,0.5897435897435898,0.007102378338115632,0.051282051282051544,False
992,2024-05,Вязниковский муниципальный район,Владимирская область,3,2,False,True,0.9302325581395349,0.2435502928327378,0.13953488372093004,False
1154,2024-06,Киренский муниципальный район,Иркутская область,4,1,False,True,0.9512195121951219,0.2182551943042783,0.7073170731707314,False
1302,2024-06,Яранский муниципальный район,Кировская область,3,1,False,True,0.7631578947368421,0.04791842289930181,0.23684210526315796,False
1339,2024-06,Звериноголовский муниципальный округ,Курганская область,0,3,False,True,0.16216216216216217,0.012080035195480532,0.0,False
1407,2024-06,Тихвинский муниципальный район,Ленинградская область,4,2,False,True,0.6511627906976745,0.03573275382180031,0.0,False
1641,2024-06,Кормиловский муниципальный район,Омская область,3,0,False,True,0.7380952380952381,0.02852157548371581,0.0,False
1895,2024-06,Кинель-Черкасский муниципальный район,Самарская область,1,0,False,True,0.5121951219512195,0.08595776947398753,0.0,False
195,2024-06,городской округ Карачаевский,Карачаево-Черкесская Республика,3,1,False,True,0.13953488372093023,0.018997977120462355,0.0,False
1967,2024-06,городской округ Тымовский,Сахалинская область,4,3,False,True,0.6,0.06489775233201706,0.0,False
2036,2024-06,городской округ Туринский,Свердловская область,0,1,False,True,0.875,0.02640594745659824,0.15000000000000036,False
2039,2024-06,Байкаловский муниципальный район,Свердловская область,3,1,False,True,0.8095238095238095,0.008794416914491931,0.0,False
2041,2024-06,Слободо-Туринский муниципальный район,Свердловская область,3,1,False,True,0.8717948717948718,0.027108436446744363,0.8205128205128203,True
2122,2024-06,муниципальный округ Кесовогорский,Тверская область,0,1,False,True,0.8,0.0073157445645775756,0.050000000000000266,False
2172,2024-06,Белевский муниципальный район,Тульская область,0,1,False,True,0.6,0.014675354157826625,0.0,False
2182,2024-06,Одоевский муниципальный район,Тульская область,0,1,False,True,0.8863636363636364,0.039154840476455906,0.6818181818181817,False
2230,2024-06,Березовский муниципальный район,Ханты-Мансийский автономный округ — Югра,4,1,False,True,0.5641025641025641,0.05433790714449745,0.0512820512820511,False
2233,2024-06,Нижневартовский муниципальный район,Ханты-Мансийский автономный округ — Югра,4,1,False,True,0.5365853658536586,0.013103288577924761,0.04878048780487809,False
2304,2024-06,Красноармейский муниципальный район,Челябинская область,3,1,False,True,0.6904761904761905,0.013100811491578,0.11904761904761907,False
2338,2024-06,городской округ город Биробиджан,Еврейская автономная область,4,2,False,True,0.3181818181818182,0.024819169714078486,0.0,False
237,2024-06,Сыктывдинский муниципальный район,Республика Коми,4,1,False,True,0.36585365853658536,0.010211885846539974,0.0,False
274,2024-06,Звениговский муниципальный район,Республика Марий Эл,3,1,False,True,0.4878048780487805,0.08714812541926145,0.46341463414634143,False
398,2024-06,Ютазинский муниципальный район,Республика Татарстан,3,1,False,True,0.6444444444444445,0.007078354000256577,0.0,False
494,2024-06,Моргаушский муниципальный округ,Чувашская Республика,3,1,False,True,0.7027027027027027,0.026592600465025897,0.45945945945945965,False
511,2024-06,муниципальный округ город Славгород,Алтайский край,3,1,False,True,0.3611111111111111,0.029384994983379445,0.0,False
519,2024-06,Бурлинский муниципальный район,Алтайский край,3,0,False,True,1.0,0.16769325480523944,0.2424242424242422,False
522,2024-06,Егорьевский муниципальный район,Алтайский край,3,1,False,True,0.7560975609756098,0.0484222810258219,0.19512195121951192,False
540,2024-06,Михайловский муниципальный район,Алтайский край,3,0,False,True,0.7,0.05475748920029949,0.24999999999999956,False
542,2024-06,Зональный муниципальный район,Алтайский край,0,1,False,True,0.6341463414634146,0.01630933408818562,0.2926829268292681,False
55,2024-06,Иглинский муниципальный район,Республика Башкортостан,3,2,False,True,0.6904761904761905,0.030051339297287257,0.0,False
599,2024-06,Хилокский муниципальный район,Забайкальский край,3,1,False,True,0.4117647058823529,0.034109232634212346,0.0,False
668,2024-06,городской округ город Боготол,Красноярский край,0,1,False,True,0.8666666666666667,0.09803681873040533,0.3333333333333335,False
771,2024-06,муниципальный округ Кочевский,Пермский край,3,0,False,True,0.9285714285714286,0.10805396338438963,0.5476190476190474,False
793,2024-06,Михайловский муниципальный район,Приморский край,3,1,False,True,0.7906976744186046,0.02288611007258691,0.3720930232558137,False
843,2024-06,городской округ город Комсомольск-на-Амуре,Хабаровский край,4,2,False,True,0.1891891891891892,0.0024043147409243924,0.0,False
860,2024-06,Хабаровский муниципальный район,Хабаровский край,4,2,False,True,0.6052631578947368,0.006053783164986466,0.0,False
885,2024-06,Серышевский муниципальный округ,Амурская область,4,3,False,True,0.4444444444444444,0.03936013150467529,0.0,False
899,2024-06,муниципальный округ Вилегодский,Архангельская область,3,1,False,True,0.9024390243902439,0.050704530671293074,0.9024390243902438,True
1025,2024-07,Котельниковский муниципальный район,Волгоградская область,0,1,False,True,0.3333333333333333,0.0667705061449993,0.0,False
1053,2024-07,Вожегодский муниципальный округ,Вологодская область,3,1,False,True,0.7368421052631579,0.03125502691680172,0.0,False
1234,2024-07,городской округ Осинниковский,Кемеровская область,2,1,False,True,0.45454545454545453,0.023259600325665174,0.0,False
1257,2024-07,Яшкинский муниципальный округ,Кемеровская область,3,1,False,True,0.6944444444444444,0.018461127642403586,0.4722222222222223,False
1261,2024-07,городской округ город Котельнич,Кировская область,3,1,False,True,0.8108108108108109,0.015574612634526792,0.10810810810810789,False
1568,2024-07,Сосновский муниципальный округ,Нижегородская область,0,1,False,True,0.5128205128205128,0.023240622040122953,0.0,False
1596,2024-07,Шимский муниципальный район,Новгородская область,0,1,False,True,0.6666666666666666,0.057239509288564486,0.0512820512820511,False
1621,2024-07,Ордынский муниципальный район,Новосибирская область,3,0,False,True,0.6052631578947368,0.035177929729803464,0.0,False
1651,2024-07,Оконешниковский муниципальный район,Омская область,3,0,False,True,0.6744186046511628,0.0014632752460752136,0.0,False
1656,2024-07,Саргатский муниципальный район,Омская область,3,0,False,True,0.813953488372093,0.0570077923395064,0.6279069767441858,False
1697,2024-07,Переволоцкий муниципальный район,Оренбургская область,3,1,False,True,0.8636363636363636,0.05085750262000451,0.6818181818181817,False
1705,2024-07,Тюльганский муниципальный район,Оренбургская область,3,1,False,True,0.8333333333333334,0.07415975010112587,0.0,False
1766,2024-07,Бежаницкий муниципальный район,Псковская область,0,1,False,True,0.6153846153846154,0.021717223452537356,0.10256410256410309,False
1931,2024-07,Краснокутский муниципальный район,Саратовская область,0,1,False,True,0.9047619047619048,0.0936736821205801,0.45238095238095255,False
196,2024-07,Абазинский муниципальный район,Карачаево-Черкесская Республика,3,2,False,True,0.45454545454545453,0.015866007003619457,0.0,False
1972,2024-07,городской округ город Алапаевск,Свердловская область,4,1,False,True,0.8717948717948718,0.13660741736566848,0.7179487179487181,False
1987,2024-07,городской округ Камышловский,Свердловская область,3,1,False,True,0.4418604651162791,0.04411851097955984,0.0,False
2149,2024-07,Асиновский муниципальный район,Томская область,3,1,False,True,0.8421052631578947,0.05408417921799746,0.5526315789473681,False
227,2024-07,городской округ Инта,Республика Коми,4,1,False,True,0.5897435897435898,0.005230385095560502,0.0,False
238,2024-07,Сысольский муниципальный район,Республика Коми,3,0,False,True,0.9,0.025049006459506994,0.2999999999999998,False
283,2024-07,Сернурский муниципальный район,Республика Марий Эл,3,1,False,True,0.6842105263157895,0.02300404931197248,0.36842105263157876,False
32,2024-07,Архангельский муниципальный район,Республика Башкортостан,3,0,False,True,0.675,0.021212179523791598,0.0,False
40,2024-07,Белорецкий муниципальный район,Республика Башкортостан,3,2,False,True,0.7209302325581395,0.05367926836121059,0.4883720930232558,False
498,2024-07,Чебоксарский муниципальный округ,Чувашская Республика,3,2,False,True,0.5714285714285714,-0.01797891953225012,0.0,False
505,2024-07,городской округ город Алейск,Алтайский край,3,1,False,True,0.8181818181818182,0.11295082914219844,0.5,False
534,2024-07,Крутихинский муниципальный район,Алтайский край,3,0,False,True,0.813953488372093,0.03826992377609433,0.0,False
545,2024-07,Первомайский муниципальный район,Алтайский край,3,1,False,True,0.42857142857142855,0.00791260176747795,0.38095238095238093,False
546,2024-07,Петропавловский муниципальный район,Алтайский край,3,0,False,True,0.8421052631578947,0.012912636738888872,0.0,False
574,2024-07,городской округ город Петровск-Забайкальский,Забайкальский край,3,1,False,True,0.6444444444444445,0.1225832115969444,0.0,False
6,2024-07,Майкопский муниципальный район,Республика Адыгея,3,1,False,True,0.23684210526315788,0.00010426546189516138,0.0,False
70,2024-07,Нуримановский муниципальный район,Республика Башкортостан,3,1,False,True,0.5227272727272727,0.0020629950478965697,0.20454545454545459,False
708,2024-07,Мотыгинский муниципальный район,Красноярский край,4,1,False,True,0.9722222222222222,0.14095058295238008,0.7777777777777777,True
758,2024-07,муниципальный округ Сивинский,Пермский край,3,0,False,True,0.7560975609756098,0.14751095418658824,0.29268292682926855,False
770,2024-07,муниципальный округ Косинский,Пермский край,3,0,False,True,0.7804878048780488,0.07626273943273759,0.0,False
774,2024-07,муниципальный округ Юсьвинский,Пермский край,3,0,False,True,0.9743589743589743,0.16682944491440496,0.15384615384615374,False
795,2024-07,Октябрьский муниципальный округ,Приморский край,3,1,False,True,0.7948717948717948,0.017167686260957556,0.1538461538461542,False
815,2024-07,городской округ Ипатовский,Ставропольский край,3,1,False,True,0.34210526315789475,0.0013493903246558402,0.0,False
852,2024-07,Нанайский муниципальный район,Хабаровский край,3,1,False,True,0.7804878048780488,0.03577861964164951,0.6829268292682928,False
879,2024-07,Мазановский муниципальный район,Амурская область,4,3,False,True,0.6585365853658537,0.04935926839738886,0.0,False
881,2024-07,Октябрьский муниципальный район,Амурская область,3,1,False,True,0.2926829268292683,0.022478221308107463,0.17073170731707332,False
901,2024-07,муниципальный округ Каргопольский,Архангельская область,0,1,False,True,0.8421052631578947,-0.022801377091962324,0.5789473684210527,False
1010,2024-08,городской округ город Михайловка,Волгоградская область,3,2,False,True,0.3076923076923077,0.00045352739069351444,0.0,False
1069,2024-08,Харовский муниципальный округ,Вологодская область,3,0,False,True,0.7804878048780488,0.03908457132015578,0.07317073170731714,False
1178,2024-08,городской округ Мамоновский,Калининградская область,3,1,False,True,0.8205128205128205,0.05449065312119745,0.7692307692307692,True
1194,2024-08,муниципальный округ Полесский,Калининградская область,3,1,False,True,0.6585365853658537,0.05856954943458851,0.14634146341463428,False
1274,2024-08,Кильмезский муниципальный район,Кировская область,3,0,False,True,0.8292682926829268,0.01767705275870408,0.0,False
1282,2024-08,Нагорский муниципальный район,Кировская область,3,0,False,True,0.7317073170731707,0.021176944714963786,0.24390243902439046,False
1308,2024-08,городской округ город Шарья,Костромская область,0,1,False,True,0.8222222222222222,0.04198851847872527,0.4444444444444442,False
1326,2024-08,Поназыревский муниципальный округ,Костромская область,3,0,False,True,0.4473684210526316,0.035485205525349346,0.0,False
1351,2024-08,Сафакулевский муниципальный округ,Курганская область,3,0,False,True,0.5581395348837209,0.02130410009721685,0.0,False
1529,2024-08,городской округ Навашинский,Нижегородская область,0,1,False,True,0.8048780487804879,0.010063583092851484,0.6829268292682928,False
1604,2024-08,Болотнинский муниципальный район,Новосибирская область,3,1,False,True,0.8947368421052632,0.10956771012028345,0.7105263157894739,False
1623,2024-08,Сузунский муниципальный район,Новосибирская область,3,1,False,True,0.47368421052631576,0.0031773766481673718,0.1578947368421053,False
1662,2024-08,Усть-Ишимский муниципальный район,Омская область,3,0,False,True,0.5476190476190477,0.0003256974334100945,0.2142857142857144,False
1675,2024-08,городской округ Сорочинский,Оренбургская область,3,1,False,True,0.2,0.0392575653704363,0.0,False
1688,2024-08,Кваркенский муниципальный район,Оренбургская область,3,0,False,True,0.8181818181818182,0.0027086209723020944,0.060606060606060996,False
1693,2024-08,Новосергиевский муниципальный район,Оренбургская область,3,0,False,True,0.6578947368421053,0.014299618100131046,0.0,False
1706,2024-08,Шарлыкский муниципальный район,Оренбургская область,3,1,False,True,0.6578947368421053,0.07151840471894887,0.0,False
1738,2024-08,Бековский муниципальный район,Пензенская область,0,1,False,True,0.6744186046511628,0.09478087907583505,0.1627906976744189,False
1782,2024-08,Порховский муниципальный район,Псковская область,0,1,False,True,0.7380952380952381,0.024642730546720865,0.0,False
1981,2024-08,городской округ Верхнесалдинский,Свердловская область,4,1,False,True,0.5581395348837209,0.07822311706869117,0.0,False
2018,2024-08,городской округ Ачитский,Свердловская область,3,1,False,True,0.7857142857142857,0.029603673995340623,0.0,False
2034,2024-08,городской округ Талицкий,Свердловская область,3,1,False,True,0.5238095238095238,0.06569138870352559,0.40476190476190466,False
2130,2024-08,муниципальный округ Молоковский,Тверская область,0,3,False,True,0.4411764705882353,0.0074295974612678785,0.0,False
2148,2024-08,Александровский муниципальный район,Томская область,4,1,False,True,0.1794871794871795,0.05412107422491377,0.17948717948717974,False
2222,2024-08,городской округ город Нягань,Ханты-Мансийский автономный округ — Югра,4,2,False,True,0.5454545454545454,0.009785111964681225,0.0,False
2225,2024-08,городской округ город Радужный,Ханты-Мансийский автономный округ — Югра,4,1,False,True,0.28205128205128205,0.007923542639276849,0.0,False
2882,2024-08,муниципальный округ Пуровский район,Ямало-Ненецкий автономный округ,4,2,False,True,0.45454545454545453,0.030877614597676892,0.0,False
3012,2024-08,Кусинский муниципальный район,Челябинская область,0,1,False,True,0.7073170731707317,0.04533985222428535,0.0,False
387,2024-08,Нурлатский муниципальный район,Республика Татарстан,3,1,False,True,0.07894736842105263,0.007160236299838233,0.0,False
446,2024-08,муниципальный округ Якшур-Бодьинский район,Удмуртская Республика,3,0,False,True,0.8809523809523809,0.02020700869063642,0.2142857142857144,False
450,2024-08,городской округ город Саяногорск,Республика Хакасия,4,2,False,True,0.38461538461538464,0.04567147009210164,0.0,False
608,2024-08,городской округ Петропавловск-Камчатский,Камчатский край,4,2,False,True,0.38636363636363635,0.03175789852754513,0.0,False
691,2024-08,Большеулуйский муниципальный район,Красноярский край,0,1,False,True,0.825,0.04386522139955687,0.8250000000000002,True
702,2024-08,Кежемский муниципальный район,Красноярский край,4,1,False,True,0.5952380952380952,0.012323467157895616,0.0,False
766,2024-08,городской округ Чернушинский,Пермский край,4,2,False,True,0.717948717948718,-0.00952351338227389,0.3846153846153846,False
780,2024-08,городской округ Дальнереченский,Приморский край,3,4,False,True,0.8823529411764706,0.24540551003270775,0.0,False
783,2024-08,городской округ Партизанский,Приморский край,3,4,False,True,0.9047619047619048,0.08715500453748834,0.04761904761904745,False
825,2024-08,городской округ Советский,Ставропольский край,3,1,False,True,0.11627906976744186,0.002090244124502379,0.0,False
874,2024-08,Завитинский муниципальный округ,Амурская область,3,1,False,True,0.8378378378378378,0.004515908047498938,0.1351351351351351,False
905,2024-08,Ленский муниципальный район,Архангельская область,4,1,False,True,0.8571428571428571,0.027465021237814153,0.45238095238095255,False
1108,2024-09,городской округ Вичуга,Ивановская область,0,1,False,True,0.6578947368421053,0.01912278654828183,0.0,False
1142,2024-09,городской округ город Черемхово,Иркутская область,3,2,False,True,0.6190476190476191,0.04728592799120091,0.1904761904761907,False
1225,2024-09,городской округ Анжеро-Судженский,Кемеровская область,1,2,False,True,0.5476190476190477,0.029093257829894918,0.0,False
1244,2024-09,Крапивинский муниципальный округ,Кемеровская область,0,1,False,True,0.4888888888888889,0.052009828969793406,0.11111111111111116,False
1277,2024-09,Куменский муниципальный район,Кировская область,0,1,False,True,0.7631578947368421,0.007285571744350318,0.1578947368421053,False
1290,2024-09,Подосиновский муниципальный район,Кировская область,3,0,False,True,0.6428571428571429,0.023581189915389763,0.0,False
1603,2024-09,Барабинский муниципальный район,Новосибирская область,3,2,False,True,0.4166666666666667,-0.008549785808297664,0.22222222222222232,False
1629,2024-09,Черепановский муниципальный район,Новосибирская область,0,1,False,True,1.0,0.24535862721614565,0.18604651162790686,False
1650,2024-09,Одесский муниципальный район,Омская область,3,0,False,True,0.55,0.04261094765784887,0.0,False
1653,2024-09,Павлоградский муниципальный район,Омская область,3,0,False,True,0.8372093023255814,0.06639370143418181,0.0,False
1893,2024-09,Камышлинский муниципальный район,Самарская область,3,1,False,True,0.5476190476190477,0.1099632898847997,0.45238095238095255,False
2021,2024-09,городской округ Верхотурский,Свердловская область,3,1,False,True,0.5588235294117647,0.01933567443958683,0.38235294117647056,False
2028,2024-09,городской округ Новолялинский,Свердловская область,0,1,False,True,0.8947368421052632,0.12577547210490267,0.34210526315789513,False
2187,2024-09,Чернский муниципальный район,Тульская область,3,1,False,True,0.8333333333333334,0.0009854565700905139,0.0,False
220,2024-09,Пудожский муниципальный район,Республика Карелия,3,1,False,True,0.9523809523809523,0.026158798689644824,0.1904761904761907,False
2292,2024-09,Аргаяшский муниципальный район,Челябинская область,3,0,False,True,0.4146341463414634,0.00991154633055941,0.0,False
2298,2024-09,Еткульский муниципальный район,Челябинская область,0,1,False,True,0.7380952380952381,0.04680965226356976,0.11904761904761907,False
2302,2024-09,Кизильский муниципальный район,Челябинская область,3,1,False,True,0.48717948717948717,0.019296921598658444,0.0,False
279,2024-09,Моркинский муниципальный район,Республика Марий Эл,3,1,False,True,0.8048780487804879,0.045614314785181215,0.0,False
281,2024-09,Оршанский муниципальный район,Республика Марий Эл,3,1,False,True,0.75,0.017926415024488728,0.0,False
2879,2024-09,городской округ город Губкинский,Ямало-Ненецкий автономный округ,4,2,False,True,0.6046511627906976,0.03633903488076192,0.0,False
351,2024-09,Моздокский муниципальный район,Республика Северная Осетия — Алания,3,2,False,True,0.3333333333333333,0.023889376491053944,0.0,False
383,2024-09,Мензелинский муниципальный район,Республика Татарстан,3,1,False,True,0.9,0.1940928550027359,0.5999999999999996,False
539,2024-09,Мамонтовский муниципальный район,Алтайский край,3,0,False,True,0.925,0.005689359454157997,0.3500000000000001,False
578,2024-09,Балейский муниципальный район,Забайкальский край,2,3,False,True,0.95,-0.015824403734180443,0.20000000000000018,False
670,2024-09,городской округ город Дивногорск,Красноярский край,1,2,False,True,0.5897435897435898,0.042829106851987944,0.0,False
677,2024-09,городской округ город Назарово,Красноярский край,4,1,False,True,0.32558139534883723,0.015613752482787078,0.0,False
756,2024-09,городской округ Очерский,Пермский край,3,1,False,True,0.8333333333333334,0.07266222813484102,0.3095238095238093,False
992,2024-09,Вязниковский муниципальный район,Владимирская область,2,1,False,True,0.5116279069767442,0.06952537695555738,0.0,False
993,2024-09,Гороховецкий муниципальный район,Владимирская область,0,1,False,True,0.9285714285714286,0.05476721140706839,0.023809523809523725,False
1058,2024-10,Кирилловский муниципальный район,Вологодская область,3,1,False,True,0.8421052631578947,0.04601482437052949,0.23684210526315752,False
1193,2024-10,муниципальный округ Озерский,Калининградская область,3,1,False,True,0.8888888888888888,0.015154360302247562,0.3611111111111116,False
1232,2024-10,городской округ Мысковский,Кемеровская область,4,2,False,True,0.6410256410256411,0.05458398607248397,0.2564102564102564,False
1256,2024-10,Яйский муниципальный округ,Кемеровская область,3,1,False,True,0.8780487804878049,0.17888842219209053,0.7073170731707314,False
1260,2024-10,городской округ город Кирово-Чепецк,Кировская область,1,2,False,True,0.875,0.01322776838561718,0.0,False
1284,2024-10,Нолинский муниципальный район,Кировская область,0,1,False,True,0.5897435897435898,0.017207242775643287,0.0,False
1357,2024-10,Щучанский муниципальный округ,Курганская область,3,0,False,True,0.775,0.05393929524169993,0.12500000000000044,False
1394,2024-10,Волховский муниципальный район,Ленинградская область,2,1,False,True,0.36363636363636365,0.055163128095674,0.0,False
1401,2024-10,Лодейнопольский муниципальный район,Ленинградская область,1,2,False,True,0.6944444444444444,0.03616748230259462,0.0,False
1565,2024-10,Починковский муниципальный округ,Нижегородская область,3,1,False,True,0.5526315789473685,0.021515355977756705,0.0,False
1618,2024-10,Маслянинский муниципальный район,Новосибирская область,0,1,False,True,0.9722222222222222,0.21901687793827046,0.6388888888888888,False
1649,2024-10,Нововаршавский муниципальный район,Омская область,3,1,False,True,0.675,0.0061943450619123715,0.0,False
1711,2024-10,Верховский муниципальный район,Орловская область,0,1,False,True,0.9285714285714286,0.09058597748300984,0.6190476190476191,False
1780,2024-10,Печорский муниципальный район,Псковская область,0,1,False,True,0.9736842105263158,0.0487053402645362,0.6052631578947367,False
1999,2024-10,городской округ Невьянский,Свердловская область,2,4,False,True,0.8461538461538461,0.07770438385796193,0.0,False
2017,2024-10,городской округ Артинский,Свердловская область,3,0,False,True,0.9318181818181818,0.3434473628976672,0.9090909090909092,True
2040,2024-10,Камышловский муниципальный район,Свердловская область,2,1,False,True,0.3076923076923077,0.0824492325338874,0.0,False
2121,2024-10,городской округ Кашинский,Тверская область,0,1,False,True,0.7428571428571429,0.03914381114107275,0.08571428571428585,False
2286,2024-10,городской округ Троицкий,Челябинская область,1,2,False,True,0.8461538461538461,0.1262744850204691,0.0,False
2339,2024-10,Биробиджанский муниципальный район,Еврейская автономная область,4,3,False,True,0.18604651162790697,0.04121165540350307,0.0,False
275,2024-10,Килемарский муниципальный район,Республика Марий Эл,3,0,False,True,0.918918918918919,0.07249509167214772,0.4864864864864864,False
276,2024-10,Куженерский муниципальный район,Республика Марий Эл,3,1,False,True,0.8536585365853658,0.01779427318482154,0.14634146341463428,False
321,2024-10,Горный муниципальный район,Республика Саха (Якутия),3,4,False,True,0.2777777777777778,0.0010117915105745633,0.0,False
421,2024-10,городской округ город Можга,Удмуртская Республика,3,2,False,True,0.5945945945945946,-0.023167663494687987,0.0,False
443,2024-10,муниципальный округ Увинский район,Удмуртская Республика,3,1,False,True,0.35,0.04896340987606826,0.0,False
496,2024-10,Урмарский муниципальный округ,Чувашская Республика,3,0,False,True,0.6666666666666666,0.02110036448917783,0.0,False
501,2024-10,Ядринский муниципальный округ,Чувашская Республика,3,1,False,True,0.8181818181818182,0.08111999537445203,0.3636363636363633,False
524,2024-10,Завьяловский муниципальный район,Алтайский край,3,0,False,True,0.6666666666666666,0.0671101754484748,0.0,False
58,2024-10,Калтасинский муниципальный район,Республика Башкортостан,3,1,False,True,0.8372093023255814,0.029120138804702045,0.18604651162790686,False
671,2024-10,городской округ город Енисейск,Красноярский край,4,1,False,True,0.8292682926829268,0.2792607226470995,0.7073170731707314,False
764,2024-10,муниципальный округ Частинский,Пермский край,3,0,False,True,0.9772727272727273,0.07436298967992042,0.9545454545454546,True
808,2024-10,Яковлевский муниципальный район,Приморский край,0,1,False,True,0.6216216216216216,0.01235938291507236,0.3513513513513513,False
1189,2024-11,муниципальный округ Краснознаменский,Калининградская область,3,1,True,False,0.9047619047619048,0.0980343082445543,,False
1654,2024-11,Полтавский муниципальный район,Омская область,3,0,True,False,0.7,0.06978116879817874,,False
2326,2024-11,Любимский муниципальный район,Ярославская область,0,1,True,False,0.8181818181818182,0.025888070926672425,,False
830,2024-11,Будённовский муниципальный округ,Ставропольский край,3,2,True,False,0.37209302325581395,0.01913522644162973,,False
